run_id,variant,entity_id,sequence_no,read_started_at,read_finished_at,read_latency_ms,block_tag,returned_ats,returned_trust_state,returned_timestamp,read_success,error_code,error_message
datm-live-2026-07-13T08-53-43-261Z,C,entity-01-normal,1,2026-07-13T08:53:44.046Z,2026-07-13T08:53:44.154Z,108,latest,89,Trusted,2026-07-13T08:53:43.000Z,true,,live read after variant-batch update
datm-live-2026-07-13T08-53-43-261Z,C,entity-02-normal,1,2026-07-13T08:53:44.035Z,2026-07-13T08:53:44.129Z,94,latest,90,Trusted,2026-07-13T08:53:43.000Z,true,,live read after variant-batch update
datm-live-2026-07-13T08-53-43-261Z,C,entity-03-normal,1,2026-07-13T08:53:44.037Z,2026-07-13T08:53:44.165Z,128,latest,90,Trusted,2026-07-13T08:53:43.000Z,true,,live read after variant-batch update
datm-live-2026-07-13T08-53-43-261Z,C,entity-04-normal,1,2026-07-13T08:53:44.037Z,2026-07-13T08:53:44.153Z,116,latest,89,Trusted,2026-07-13T08:53:43.000Z,true,,live read after variant-batch update
datm-live-2026-07-13T08-53-43-261Z,C,entity-05-suspicious,1,2026-07-13T08:53:44.034Z,2026-07-13T08:53:44.120Z,86,latest,63,Suspicious,2026-07-13T08:53:43.000Z,true,,live read after variant-batch update
datm-live-2026-07-13T08-53-43-261Z,C,entity-06-suspicious,1,2026-07-13T08:53:44.018Z,2026-07-13T08:53:44.119Z,101,latest,60,Suspicious,2026-07-13T08:53:43.000Z,true,,live read after variant-batch update
datm-live-2026-07-13T08-53-43-261Z,C,entity-07-suspicious,1,2026-07-13T08:53:44.229Z,2026-07-13T08:53:44.339Z,110,latest,61,Suspicious,2026-07-13T08:53:43.000Z,true,,live read after variant-batch update
datm-live-2026-07-13T08-53-43-261Z,C,entity-08-malicious,1,2026-07-13T08:53:44.202Z,2026-07-13T08:53:44.327Z,125,latest,31,Untrusted,2026-07-13T08:53:43.000Z,true,,live read after variant-batch update
datm-live-2026-07-13T08-53-43-261Z,C,entity-09-malicious,1,2026-07-13T08:53:44.246Z,2026-07-13T08:53:44.353Z,107,latest,29,Untrusted,2026-07-13T08:53:43.000Z,true,,live read after variant-batch update
datm-live-2026-07-13T08-53-43-261Z,C,entity-10-malicious,1,2026-07-13T08:53:44.243Z,2026-07-13T08:53:44.338Z,95,latest,29,Untrusted,2026-07-13T08:53:43.000Z,true,,live read after variant-batch update
datm-live-2026-07-13T08-53-43-261Z,C,entity-01-normal,2,2026-07-13T08:53:57.767Z,2026-07-13T08:53:57.885Z,118,latest,93,Trusted,2026-07-13T08:53:53.000Z,true,,live read after variant-batch update
datm-live-2026-07-13T08-53-43-261Z,C,entity-02-normal,2,2026-07-13T08:53:57.749Z,2026-07-13T08:53:57.855Z,106,latest,93,Trusted,2026-07-13T08:53:53.000Z,true,,live read after variant-batch update
datm-live-2026-07-13T08-53-43-261Z,C,entity-03-normal,2,2026-07-13T08:53:57.750Z,2026-07-13T08:53:57.854Z,104,latest,91,Trusted,2026-07-13T08:53:53.000Z,true,,live read after variant-batch update
datm-live-2026-07-13T08-53-43-261Z,C,entity-04-normal,2,2026-07-13T08:53:57.742Z,2026-07-13T08:53:57.855Z,113,latest,93,Trusted,2026-07-13T08:53:53.000Z,true,,live read after variant-batch update
datm-live-2026-07-13T08-53-43-261Z,C,entity-05-suspicious,2,2026-07-13T08:53:57.749Z,2026-07-13T08:53:57.833Z,84,latest,60,Suspicious,2026-07-13T08:53:53.000Z,true,,live read after variant-batch update
datm-live-2026-07-13T08-53-43-261Z,C,entity-06-suspicious,2,2026-07-13T08:53:57.750Z,2026-07-13T08:53:57.833Z,83,latest,60,Suspicious,2026-07-13T08:53:53.000Z,true,,live read after variant-batch update
datm-live-2026-07-13T08-53-43-261Z,C,entity-07-suspicious,2,2026-07-13T08:53:57.931Z,2026-07-13T08:53:58.034Z,103,latest,63,Suspicious,2026-07-13T08:53:53.000Z,true,,live read after variant-batch update
datm-live-2026-07-13T08-53-43-261Z,C,entity-08-malicious,2,2026-07-13T08:53:57.950Z,2026-07-13T08:53:58.065Z,115,latest,30,Untrusted,2026-07-13T08:53:53.000Z,true,,live read after variant-batch update
datm-live-2026-07-13T08-53-43-261Z,C,entity-09-malicious,2,2026-07-13T08:53:57.972Z,2026-07-13T08:53:58.095Z,123,latest,28,Untrusted,2026-07-13T08:53:53.000Z,true,,live read after variant-batch update
datm-live-2026-07-13T08-53-43-261Z,C,entity-10-malicious,2,2026-07-13T08:53:57.967Z,2026-07-13T08:53:58.094Z,127,latest,32,Untrusted,2026-07-13T08:53:53.000Z,true,,live read after variant-batch update
datm-live-2026-07-13T08-53-43-261Z,C,entity-01-normal,3,2026-07-13T08:54:07.686Z,2026-07-13T08:54:07.912Z,226,latest,93,Trusted,2026-07-13T08:54:03.000Z,true,,live read after variant-batch update
datm-live-2026-07-13T08-53-43-261Z,C,entity-02-normal,3,2026-07-13T08:54:07.690Z,2026-07-13T08:54:07.850Z,160,latest,92,Trusted,2026-07-13T08:54:03.000Z,true,,live read after variant-batch update
datm-live-2026-07-13T08-53-43-261Z,C,entity-03-normal,3,2026-07-13T08:54:07.687Z,2026-07-13T08:54:07.911Z,224,latest,93,Trusted,2026-07-13T08:54:03.000Z,true,,live read after variant-batch update
datm-live-2026-07-13T08-53-43-261Z,C,entity-04-normal,3,2026-07-13T08:54:07.688Z,2026-07-13T08:54:07.910Z,222,latest,93,Trusted,2026-07-13T08:54:03.000Z,true,,live read after variant-batch update
datm-live-2026-07-13T08-53-43-261Z,C,entity-05-suspicious,3,2026-07-13T08:54:07.764Z,2026-07-13T08:54:07.940Z,176,latest,60,Suspicious,2026-07-13T08:54:03.000Z,true,,live read after variant-batch update
datm-live-2026-07-13T08-53-43-261Z,C,entity-06-suspicious,3,2026-07-13T08:54:07.690Z,2026-07-13T08:54:07.850Z,160,latest,64,Suspicious,2026-07-13T08:54:03.000Z,true,,live read after variant-batch update
datm-live-2026-07-13T08-53-43-261Z,C,entity-07-suspicious,3,2026-07-13T08:54:08.005Z,2026-07-13T08:54:08.167Z,162,latest,60,Suspicious,2026-07-13T08:54:03.000Z,true,,live read after variant-batch update
datm-live-2026-07-13T08-53-43-261Z,C,entity-08-malicious,3,2026-07-13T08:54:08.041Z,2026-07-13T08:54:08.257Z,216,latest,28,Untrusted,2026-07-13T08:54:03.000Z,true,,live read after variant-batch update
datm-live-2026-07-13T08-53-43-261Z,C,entity-09-malicious,3,2026-07-13T08:54:08.087Z,2026-07-13T08:54:08.257Z,170,latest,30,Untrusted,2026-07-13T08:54:03.000Z,true,,live read after variant-batch update
datm-live-2026-07-13T08-53-43-261Z,C,entity-10-malicious,3,2026-07-13T08:54:08.122Z,2026-07-13T08:54:08.291Z,169,latest,30,Untrusted,2026-07-13T08:54:03.000Z,true,,live read after variant-batch update
datm-live-2026-07-13T08-53-43-261Z,C,entity-01-normal,4,2026-07-13T08:54:14.026Z,2026-07-13T08:54:14.241Z,215,latest,91,Trusted,2026-07-13T08:54:13.000Z,true,,live read after variant-batch update
datm-live-2026-07-13T08-53-43-261Z,C,entity-02-normal,4,2026-07-13T08:54:14.026Z,2026-07-13T08:54:14.241Z,215,latest,93,Trusted,2026-07-13T08:54:13.000Z,true,,live read after variant-batch update
datm-live-2026-07-13T08-53-43-261Z,C,entity-03-normal,4,2026-07-13T08:54:14.025Z,2026-07-13T08:54:14.216Z,191,latest,93,Trusted,2026-07-13T08:54:13.000Z,true,,live read after variant-batch update
datm-live-2026-07-13T08-53-43-261Z,C,entity-04-normal,4,2026-07-13T08:54:14.026Z,2026-07-13T08:54:14.242Z,216,latest,91,Trusted,2026-07-13T08:54:13.000Z,true,,live read after variant-batch update
datm-live-2026-07-13T08-53-43-261Z,C,entity-05-suspicious,4,2026-07-13T08:54:14.026Z,2026-07-13T08:54:14.216Z,190,latest,64,Suspicious,2026-07-13T08:54:13.000Z,true,,live read after variant-batch update
datm-live-2026-07-13T08-53-43-261Z,C,entity-06-suspicious,4,2026-07-13T08:54:14.055Z,2026-07-13T08:54:14.274Z,219,latest,61,Suspicious,2026-07-13T08:54:13.000Z,true,,live read after variant-batch update
datm-live-2026-07-13T08-53-43-261Z,C,entity-07-suspicious,4,2026-07-13T08:54:14.389Z,2026-07-13T08:54:14.628Z,239,latest,60,Suspicious,2026-07-13T08:54:13.000Z,true,,live read after variant-batch update
datm-live-2026-07-13T08-53-43-261Z,C,entity-08-malicious,4,2026-07-13T08:54:14.386Z,2026-07-13T08:54:14.556Z,170,latest,30,Untrusted,2026-07-13T08:54:13.000Z,true,,live read after variant-batch update
datm-live-2026-07-13T08-53-43-261Z,C,entity-09-malicious,4,2026-07-13T08:54:14.388Z,2026-07-13T08:54:14.555Z,167,latest,29,Untrusted,2026-07-13T08:54:13.000Z,true,,live read after variant-batch update
datm-live-2026-07-13T08-53-43-261Z,C,entity-10-malicious,4,2026-07-13T08:54:14.415Z,2026-07-13T08:54:14.717Z,302,latest,29,Untrusted,2026-07-13T08:54:13.000Z,true,,live read after variant-batch update
datm-live-2026-07-13T08-53-43-261Z,C,entity-01-normal,5,2026-07-13T08:54:24.096Z,2026-07-13T08:54:24.195Z,99,latest,93,Trusted,2026-07-13T08:54:23.000Z,true,,live read after variant-batch update
datm-live-2026-07-13T08-53-43-261Z,C,entity-02-normal,5,2026-07-13T08:54:24.129Z,2026-07-13T08:54:24.248Z,119,latest,93,Trusted,2026-07-13T08:54:23.000Z,true,,live read after variant-batch update
datm-live-2026-07-13T08-53-43-261Z,C,entity-03-normal,5,2026-07-13T08:54:24.097Z,2026-07-13T08:54:24.223Z,126,latest,92,Trusted,2026-07-13T08:54:23.000Z,true,,live read after variant-batch update
datm-live-2026-07-13T08-53-43-261Z,C,entity-04-normal,5,2026-07-13T08:54:24.098Z,2026-07-13T08:54:24.223Z,125,latest,93,Trusted,2026-07-13T08:54:23.000Z,true,,live read after variant-batch update
datm-live-2026-07-13T08-53-43-261Z,C,entity-05-suspicious,5,2026-07-13T08:54:24.098Z,2026-07-13T08:54:24.196Z,98,latest,61,Suspicious,2026-07-13T08:54:23.000Z,true,,live read after variant-batch update
datm-live-2026-07-13T08-53-43-261Z,C,entity-06-suspicious,5,2026-07-13T08:54:24.095Z,2026-07-13T08:54:24.224Z,129,latest,59,Suspicious,2026-07-13T08:54:23.000Z,true,,live read after variant-batch update
datm-live-2026-07-13T08-53-43-261Z,C,entity-07-suspicious,5,2026-07-13T08:54:24.309Z,2026-07-13T08:54:24.422Z,113,latest,64,Suspicious,2026-07-13T08:54:23.000Z,true,,live read after variant-batch update
datm-live-2026-07-13T08-53-43-261Z,C,entity-08-malicious,5,2026-07-13T08:54:24.289Z,2026-07-13T08:54:24.384Z,95,latest,30,Untrusted,2026-07-13T08:54:23.000Z,true,,live read after variant-batch update
datm-live-2026-07-13T08-53-43-261Z,C,entity-09-malicious,5,2026-07-13T08:54:24.327Z,2026-07-13T08:54:24.449Z,122,latest,28,Untrusted,2026-07-13T08:54:23.000Z,true,,live read after variant-batch update
datm-live-2026-07-13T08-53-43-261Z,C,entity-10-malicious,5,2026-07-13T08:54:24.326Z,2026-07-13T08:54:24.449Z,123,latest,31,Untrusted,2026-07-13T08:54:23.000Z,true,,live read after variant-batch update
datm-live-2026-07-13T08-53-43-261Z,C,entity-01-normal,6,2026-07-13T08:54:37.897Z,2026-07-13T08:54:38.021Z,124,latest,93,Trusted,2026-07-13T08:54:33.000Z,true,,live read after variant-batch update
datm-live-2026-07-13T08-53-43-261Z,C,entity-02-normal,6,2026-07-13T08:54:37.879Z,2026-07-13T08:54:37.988Z,109,latest,92,Trusted,2026-07-13T08:54:33.000Z,true,,live read after variant-batch update
datm-live-2026-07-13T08-53-43-261Z,C,entity-03-normal,6,2026-07-13T08:54:37.877Z,2026-07-13T08:54:37.978Z,101,latest,93,Trusted,2026-07-13T08:54:33.000Z,true,,live read after variant-batch update
datm-live-2026-07-13T08-53-43-261Z,C,entity-04-normal,6,2026-07-13T08:54:37.838Z,2026-07-13T08:54:37.965Z,127,latest,93,Trusted,2026-07-13T08:54:33.000Z,true,,live read after variant-batch update
datm-live-2026-07-13T08-53-43-261Z,C,entity-05-suspicious,6,2026-07-13T08:54:37.881Z,2026-07-13T08:54:37.977Z,96,latest,59,Suspicious,2026-07-13T08:54:33.000Z,true,,live read after variant-batch update
datm-live-2026-07-13T08-53-43-261Z,C,entity-06-suspicious,6,2026-07-13T08:54:37.857Z,2026-07-13T08:54:37.989Z,132,latest,60,Suspicious,2026-07-13T08:54:33.000Z,true,,live read after variant-batch update
datm-live-2026-07-13T08-53-43-261Z,C,entity-07-suspicious,6,2026-07-13T08:54:38.079Z,2026-07-13T08:54:38.217Z,138,latest,61,Suspicious,2026-07-13T08:54:33.000Z,true,,live read after variant-batch update
datm-live-2026-07-13T08-53-43-261Z,C,entity-08-malicious,6,2026-07-13T08:54:38.069Z,2026-07-13T08:54:38.184Z,115,latest,28,Untrusted,2026-07-13T08:54:33.000Z,true,,live read after variant-batch update
datm-live-2026-07-13T08-53-43-261Z,C,entity-09-malicious,6,2026-07-13T08:54:38.067Z,2026-07-13T08:54:38.185Z,118,latest,29,Untrusted,2026-07-13T08:54:33.000Z,true,,live read after variant-batch update
datm-live-2026-07-13T08-53-43-261Z,C,entity-10-malicious,6,2026-07-13T08:54:38.116Z,2026-07-13T08:54:38.244Z,128,latest,30,Untrusted,2026-07-13T08:54:33.000Z,true,,live read after variant-batch update
datm-live-2026-07-13T08-53-43-261Z,C,entity-01-normal,7,2026-07-13T08:54:47.651Z,2026-07-13T08:54:47.759Z,108,latest,92,Trusted,2026-07-13T08:54:43.000Z,true,,live read after variant-batch update
datm-live-2026-07-13T08-53-43-261Z,C,entity-02-normal,7,2026-07-13T08:54:47.680Z,2026-07-13T08:54:47.788Z,108,latest,93,Trusted,2026-07-13T08:54:43.000Z,true,,live read after variant-batch update
datm-live-2026-07-13T08-53-43-261Z,C,entity-03-normal,7,2026-07-13T08:54:47.658Z,2026-07-13T08:54:47.762Z,104,latest,93,Trusted,2026-07-13T08:54:43.000Z,true,,live read after variant-batch update
datm-live-2026-07-13T08-53-43-261Z,C,entity-04-normal,7,2026-07-13T08:54:47.658Z,2026-07-13T08:54:47.762Z,104,latest,92,Trusted,2026-07-13T08:54:43.000Z,true,,live read after variant-batch update
datm-live-2026-07-13T08-53-43-261Z,C,entity-05-suspicious,7,2026-07-13T08:54:47.658Z,2026-07-13T08:54:47.761Z,103,latest,60,Suspicious,2026-07-13T08:54:43.000Z,true,,live read after variant-batch update
datm-live-2026-07-13T08-53-43-261Z,C,entity-06-suspicious,7,2026-07-13T08:54:47.659Z,2026-07-13T08:54:47.758Z,99,latest,62,Suspicious,2026-07-13T08:54:43.000Z,true,,live read after variant-batch update
datm-live-2026-07-13T08-53-43-261Z,C,entity-07-suspicious,7,2026-07-13T08:54:47.854Z,2026-07-13T08:54:47.970Z,116,latest,59,Suspicious,2026-07-13T08:54:43.000Z,true,,live read after variant-batch update
datm-live-2026-07-13T08-53-43-261Z,C,entity-08-malicious,7,2026-07-13T08:54:47.884Z,2026-07-13T08:54:47.998Z,114,latest,29,Untrusted,2026-07-13T08:54:43.000Z,true,,live read after variant-batch update
datm-live-2026-07-13T08-53-43-261Z,C,entity-09-malicious,7,2026-07-13T08:54:47.856Z,2026-07-13T08:54:47.971Z,115,latest,28,Untrusted,2026-07-13T08:54:43.000Z,true,,live read after variant-batch update
datm-live-2026-07-13T08-53-43-261Z,C,entity-10-malicious,7,2026-07-13T08:54:47.855Z,2026-07-13T08:54:47.969Z,114,latest,29,Untrusted,2026-07-13T08:54:43.000Z,true,,live read after variant-batch update
datm-live-2026-07-13T08-53-43-261Z,C,entity-01-normal,8,2026-07-13T08:54:57.392Z,2026-07-13T08:54:57.529Z,137,latest,93,Trusted,2026-07-13T08:54:53.000Z,true,,live read after variant-batch update
datm-live-2026-07-13T08-53-43-261Z,C,entity-02-normal,8,2026-07-13T08:54:57.391Z,2026-07-13T08:54:57.529Z,138,latest,93,Trusted,2026-07-13T08:54:53.000Z,true,,live read after variant-batch update
datm-live-2026-07-13T08-53-43-261Z,C,entity-03-normal,8,2026-07-13T08:54:57.394Z,2026-07-13T08:54:57.528Z,134,latest,91,Trusted,2026-07-13T08:54:53.000Z,true,,live read after variant-batch update
datm-live-2026-07-13T08-53-43-261Z,C,entity-04-normal,8,2026-07-13T08:54:57.395Z,2026-07-13T08:54:57.510Z,115,latest,93,Trusted,2026-07-13T08:54:53.000Z,true,,live read after variant-batch update
datm-live-2026-07-13T08-53-43-261Z,C,entity-05-suspicious,8,2026-07-13T08:54:57.395Z,2026-07-13T08:54:57.509Z,114,latest,62,Suspicious,2026-07-13T08:54:53.000Z,true,,live read after variant-batch update
datm-live-2026-07-13T08-53-43-261Z,C,entity-06-suspicious,8,2026-07-13T08:54:57.431Z,2026-07-13T08:54:57.553Z,122,latest,63,Suspicious,2026-07-13T08:54:53.000Z,true,,live read after variant-batch update
datm-live-2026-07-13T08-53-43-261Z,C,entity-07-suspicious,8,2026-07-13T08:54:57.630Z,2026-07-13T08:54:57.739Z,109,latest,60,Suspicious,2026-07-13T08:54:53.000Z,true,,live read after variant-batch update
datm-live-2026-07-13T08-53-43-261Z,C,entity-08-malicious,8,2026-07-13T08:54:57.658Z,2026-07-13T08:54:57.786Z,128,latest,28,Untrusted,2026-07-13T08:54:53.000Z,true,,live read after variant-batch update
datm-live-2026-07-13T08-53-43-261Z,C,entity-09-malicious,8,2026-07-13T08:54:57.631Z,2026-07-13T08:54:57.754Z,123,latest,28,Untrusted,2026-07-13T08:54:53.000Z,true,,live read after variant-batch update
datm-live-2026-07-13T08-53-43-261Z,C,entity-10-malicious,8,2026-07-13T08:54:57.634Z,2026-07-13T08:54:57.738Z,104,latest,30,Untrusted,2026-07-13T08:54:53.000Z,true,,live read after variant-batch update
datm-live-2026-07-13T08-53-43-261Z,C,entity-01-normal,9,2026-07-13T08:55:07.197Z,2026-07-13T08:55:07.305Z,108,latest,93,Trusted,2026-07-13T08:55:03.000Z,true,,live read after variant-batch update
datm-live-2026-07-13T08-53-43-261Z,C,entity-02-normal,9,2026-07-13T08:55:07.170Z,2026-07-13T08:55:07.263Z,93,latest,92,Trusted,2026-07-13T08:55:03.000Z,true,,live read after variant-batch update
datm-live-2026-07-13T08-53-43-261Z,C,entity-03-normal,9,2026-07-13T08:55:07.172Z,2026-07-13T08:55:07.279Z,107,latest,93,Trusted,2026-07-13T08:55:03.000Z,true,,live read after variant-batch update
datm-live-2026-07-13T08-53-43-261Z,C,entity-04-normal,9,2026-07-13T08:55:07.173Z,2026-07-13T08:55:07.278Z,105,latest,93,Trusted,2026-07-13T08:55:03.000Z,true,,live read after variant-batch update
datm-live-2026-07-13T08-53-43-261Z,C,entity-05-suspicious,9,2026-07-13T08:55:07.174Z,2026-07-13T08:55:07.264Z,90,latest,63,Suspicious,2026-07-13T08:55:03.000Z,true,,live read after variant-batch update
datm-live-2026-07-13T08-53-43-261Z,C,entity-06-suspicious,9,2026-07-13T08:55:07.165Z,2026-07-13T08:55:07.279Z,114,latest,61,Suspicious,2026-07-13T08:55:03.000Z,true,,live read after variant-batch update
datm-live-2026-07-13T08-53-43-261Z,C,entity-07-suspicious,9,2026-07-13T08:55:07.369Z,2026-07-13T08:55:07.473Z,104,latest,62,Suspicious,2026-07-13T08:55:03.000Z,true,,live read after variant-batch update
datm-live-2026-07-13T08-53-43-261Z,C,entity-08-malicious,9,2026-07-13T08:55:07.344Z,2026-07-13T08:55:07.419Z,75,latest,28,Untrusted,2026-07-13T08:55:03.000Z,true,,live read after variant-batch update
datm-live-2026-07-13T08-53-43-261Z,C,entity-09-malicious,9,2026-07-13T08:55:07.374Z,2026-07-13T08:55:07.473Z,99,latest,29,Untrusted,2026-07-13T08:55:03.000Z,true,,live read after variant-batch update
datm-live-2026-07-13T08-53-43-261Z,C,entity-10-malicious,9,2026-07-13T08:55:07.394Z,2026-07-13T08:55:07.499Z,105,latest,29,Untrusted,2026-07-13T08:55:03.000Z,true,,live read after variant-batch update
datm-live-2026-07-13T08-53-43-261Z,C,entity-01-normal,10,2026-07-13T08:55:16.920Z,2026-07-13T08:55:17.039Z,119,latest,91,Trusted,2026-07-13T08:55:13.000Z,true,,live read after variant-batch update
datm-live-2026-07-13T08-53-43-261Z,C,entity-02-normal,10,2026-07-13T08:55:16.919Z,2026-07-13T08:55:17.040Z,121,latest,93,Trusted,2026-07-13T08:55:13.000Z,true,,live read after variant-batch update
datm-live-2026-07-13T08-53-43-261Z,C,entity-03-normal,10,2026-07-13T08:55:16.920Z,2026-07-13T08:55:17.013Z,93,latest,93,Trusted,2026-07-13T08:55:13.000Z,true,,live read after variant-batch update
datm-live-2026-07-13T08-53-43-261Z,C,entity-04-normal,10,2026-07-13T08:55:16.921Z,2026-07-13T08:55:17.014Z,93,latest,91,Trusted,2026-07-13T08:55:13.000Z,true,,live read after variant-batch update
datm-live-2026-07-13T08-53-43-261Z,C,entity-05-suspicious,10,2026-07-13T08:55:16.947Z,2026-07-13T08:55:17.069Z,122,latest,61,Suspicious,2026-07-13T08:55:13.000Z,true,,live read after variant-batch update
datm-live-2026-07-13T08-53-43-261Z,C,entity-06-suspicious,10,2026-07-13T08:55:16.922Z,2026-07-13T08:55:17.040Z,118,latest,60,Suspicious,2026-07-13T08:55:13.000Z,true,,live read after variant-batch update
datm-live-2026-07-13T08-53-43-261Z,C,entity-07-suspicious,10,2026-07-13T08:55:17.107Z,2026-07-13T08:55:17.207Z,100,latest,63,Suspicious,2026-07-13T08:55:13.000Z,true,,live read after variant-batch update
datm-live-2026-07-13T08-53-43-261Z,C,entity-08-malicious,10,2026-07-13T08:55:17.128Z,2026-07-13T08:55:17.233Z,105,latest,29,Untrusted,2026-07-13T08:55:13.000Z,true,,live read after variant-batch update
datm-live-2026-07-13T08-53-43-261Z,C,entity-09-malicious,10,2026-07-13T08:55:17.150Z,2026-07-13T08:55:17.262Z,112,latest,27,Untrusted,2026-07-13T08:55:13.000Z,true,,live read after variant-batch update
datm-live-2026-07-13T08-53-43-261Z,C,entity-10-malicious,10,2026-07-13T08:55:17.134Z,2026-07-13T08:55:17.234Z,100,latest,29,Untrusted,2026-07-13T08:55:13.000Z,true,,live read after variant-batch update
datm-live-2026-07-13T08-53-43-261Z,C,entity-01-normal,11,2026-07-13T08:55:26.652Z,2026-07-13T08:55:26.755Z,103,latest,92,Trusted,2026-07-13T08:55:23.000Z,true,,live read after variant-batch update
datm-live-2026-07-13T08-53-43-261Z,C,entity-02-normal,11,2026-07-13T08:55:26.650Z,2026-07-13T08:55:26.754Z,104,latest,92,Trusted,2026-07-13T08:55:23.000Z,true,,live read after variant-batch update
datm-live-2026-07-13T08-53-43-261Z,C,entity-03-normal,11,2026-07-13T08:55:26.674Z,2026-07-13T08:55:26.784Z,110,latest,91,Trusted,2026-07-13T08:55:23.000Z,true,,live read after variant-batch update
datm-live-2026-07-13T08-53-43-261Z,C,entity-04-normal,11,2026-07-13T08:55:26.650Z,2026-07-13T08:55:26.755Z,105,latest,92,Trusted,2026-07-13T08:55:23.000Z,true,,live read after variant-batch update
datm-live-2026-07-13T08-53-43-261Z,C,entity-05-suspicious,11,2026-07-13T08:55:26.653Z,2026-07-13T08:55:26.739Z,86,latest,60,Suspicious,2026-07-13T08:55:23.000Z,true,,live read after variant-batch update
datm-live-2026-07-13T08-53-43-261Z,C,entity-06-suspicious,11,2026-07-13T08:55:26.653Z,2026-07-13T08:55:26.740Z,87,latest,61,Suspicious,2026-07-13T08:55:23.000Z,true,,live read after variant-batch update
datm-live-2026-07-13T08-53-43-261Z,C,entity-07-suspicious,11,2026-07-13T08:55:26.838Z,2026-07-13T08:55:26.958Z,120,latest,60,Suspicious,2026-07-13T08:55:23.000Z,true,,live read after variant-batch update
datm-live-2026-07-13T08-53-43-261Z,C,entity-08-malicious,11,2026-07-13T08:55:26.825Z,2026-07-13T08:55:26.928Z,103,latest,27,Untrusted,2026-07-13T08:55:23.000Z,true,,live read after variant-batch update
datm-live-2026-07-13T08-53-43-261Z,C,entity-09-malicious,11,2026-07-13T08:55:26.861Z,2026-07-13T08:55:26.959Z,98,latest,27,Untrusted,2026-07-13T08:55:23.000Z,true,,live read after variant-batch update
datm-live-2026-07-13T08-53-43-261Z,C,entity-10-malicious,11,2026-07-13T08:55:26.877Z,2026-07-13T08:55:26.983Z,106,latest,30,Untrusted,2026-07-13T08:55:23.000Z,true,,live read after variant-batch update
datm-live-2026-07-13T08-53-43-261Z,C,entity-01-normal,12,2026-07-13T08:55:36.417Z,2026-07-13T08:55:36.540Z,123,latest,93,Trusted,2026-07-13T08:55:33.000Z,true,,live read after variant-batch update
datm-live-2026-07-13T08-53-43-261Z,C,entity-02-normal,12,2026-07-13T08:55:36.418Z,2026-07-13T08:55:36.560Z,142,latest,92,Trusted,2026-07-13T08:55:33.000Z,true,,live read after variant-batch update
datm-live-2026-07-13T08-53-43-261Z,C,entity-03-normal,12,2026-07-13T08:55:36.418Z,2026-07-13T08:55:36.559Z,141,latest,93,Trusted,2026-07-13T08:55:33.000Z,true,,live read after variant-batch update
datm-live-2026-07-13T08-53-43-261Z,C,entity-04-normal,12,2026-07-13T08:55:36.418Z,2026-07-13T08:55:36.558Z,140,latest,93,Trusted,2026-07-13T08:55:33.000Z,true,,live read after variant-batch update
datm-live-2026-07-13T08-53-43-261Z,C,entity-05-suspicious,12,2026-07-13T08:55:36.420Z,2026-07-13T08:55:36.558Z,138,latest,61,Suspicious,2026-07-13T08:55:33.000Z,true,,live read after variant-batch update
datm-live-2026-07-13T08-53-43-261Z,C,entity-06-suspicious,12,2026-07-13T08:55:36.438Z,2026-07-13T08:55:36.590Z,152,latest,62,Suspicious,2026-07-13T08:55:33.000Z,true,,live read after variant-batch update
datm-live-2026-07-13T08-53-43-261Z,C,entity-07-suspicious,12,2026-07-13T08:55:36.662Z,2026-07-13T08:55:36.827Z,165,latest,60,Suspicious,2026-07-13T08:55:33.000Z,true,,live read after variant-batch update
datm-live-2026-07-13T08-53-43-261Z,C,entity-08-malicious,12,2026-07-13T08:55:36.666Z,2026-07-13T08:55:36.761Z,95,latest,27,Untrusted,2026-07-13T08:55:33.000Z,true,,live read after variant-batch update
datm-live-2026-07-13T08-53-43-261Z,C,entity-09-malicious,12,2026-07-13T08:55:36.688Z,2026-07-13T08:55:36.853Z,165,latest,29,Untrusted,2026-07-13T08:55:33.000Z,true,,live read after variant-batch update
datm-live-2026-07-13T08-53-43-261Z,C,entity-10-malicious,12,2026-07-13T08:55:36.665Z,2026-07-13T08:55:36.762Z,97,latest,28,Untrusted,2026-07-13T08:55:33.000Z,true,,live read after variant-batch update
datm-live-2026-07-13T08-53-43-261Z,C,entity-01-normal,13,2026-07-13T08:55:46.406Z,2026-07-13T08:55:46.506Z,100,latest,92,Trusted,2026-07-13T08:55:43.000Z,true,,live read after variant-batch update
datm-live-2026-07-13T08-53-43-261Z,C,entity-02-normal,13,2026-07-13T08:55:46.406Z,2026-07-13T08:55:46.515Z,109,latest,93,Trusted,2026-07-13T08:55:43.000Z,true,,live read after variant-batch update
datm-live-2026-07-13T08-53-43-261Z,C,entity-03-normal,13,2026-07-13T08:55:46.407Z,2026-07-13T08:55:46.506Z,99,latest,93,Trusted,2026-07-13T08:55:43.000Z,true,,live read after variant-batch update
datm-live-2026-07-13T08-53-43-261Z,C,entity-04-normal,13,2026-07-13T08:55:46.410Z,2026-07-13T08:55:46.516Z,106,latest,92,Trusted,2026-07-13T08:55:43.000Z,true,,live read after variant-batch update
datm-live-2026-07-13T08-53-43-261Z,C,entity-05-suspicious,13,2026-07-13T08:55:46.439Z,2026-07-13T08:55:46.546Z,107,latest,62,Suspicious,2026-07-13T08:55:43.000Z,true,,live read after variant-batch update
datm-live-2026-07-13T08-53-43-261Z,C,entity-06-suspicious,13,2026-07-13T08:55:46.408Z,2026-07-13T08:55:46.515Z,107,latest,61,Suspicious,2026-07-13T08:55:43.000Z,true,,live read after variant-batch update
datm-live-2026-07-13T08-53-43-261Z,C,entity-07-suspicious,13,2026-07-13T08:55:46.593Z,2026-07-13T08:55:46.698Z,105,latest,61,Suspicious,2026-07-13T08:55:43.000Z,true,,live read after variant-batch update
datm-live-2026-07-13T08-53-43-261Z,C,entity-08-malicious,13,2026-07-13T08:55:46.605Z,2026-07-13T08:55:46.724Z,119,latest,29,Untrusted,2026-07-13T08:55:43.000Z,true,,live read after variant-batch update
datm-live-2026-07-13T08-53-43-261Z,C,entity-09-malicious,13,2026-07-13T08:55:46.619Z,2026-07-13T08:55:46.725Z,106,latest,27,Untrusted,2026-07-13T08:55:43.000Z,true,,live read after variant-batch update
datm-live-2026-07-13T08-53-43-261Z,C,entity-10-malicious,13,2026-07-13T08:55:46.631Z,2026-07-13T08:55:46.758Z,127,latest,27,Untrusted,2026-07-13T08:55:43.000Z,true,,live read after variant-batch update
datm-live-2026-07-13T08-53-43-261Z,C,entity-01-normal,14,2026-07-13T08:55:56.156Z,2026-07-13T08:55:56.255Z,99,latest,92,Trusted,2026-07-13T08:55:53.000Z,true,,live read after variant-batch update
datm-live-2026-07-13T08-53-43-261Z,C,entity-02-normal,14,2026-07-13T08:55:56.155Z,2026-07-13T08:55:56.273Z,118,latest,93,Trusted,2026-07-13T08:55:53.000Z,true,,live read after variant-batch update
datm-live-2026-07-13T08-53-43-261Z,C,entity-03-normal,14,2026-07-13T08:55:56.156Z,2026-07-13T08:55:56.254Z,98,latest,91,Trusted,2026-07-13T08:55:53.000Z,true,,live read after variant-batch update
datm-live-2026-07-13T08-53-43-261Z,C,entity-04-normal,14,2026-07-13T08:55:56.157Z,2026-07-13T08:55:56.274Z,117,latest,92,Trusted,2026-07-13T08:55:53.000Z,true,,live read after variant-batch update
datm-live-2026-07-13T08-53-43-261Z,C,entity-05-suspicious,14,2026-07-13T08:55:56.187Z,2026-07-13T08:55:56.299Z,112,latest,61,Suspicious,2026-07-13T08:55:53.000Z,true,,live read after variant-batch update
datm-live-2026-07-13T08-53-43-261Z,C,entity-06-suspicious,14,2026-07-13T08:55:56.159Z,2026-07-13T08:55:56.273Z,114,latest,60,Suspicious,2026-07-13T08:55:53.000Z,true,,live read after variant-batch update
datm-live-2026-07-13T08-53-43-261Z,C,entity-07-suspicious,14,2026-07-13T08:55:56.347Z,2026-07-13T08:55:56.449Z,102,latest,62,Suspicious,2026-07-13T08:55:53.000Z,true,,live read after variant-batch update
datm-live-2026-07-13T08-53-43-261Z,C,entity-08-malicious,14,2026-07-13T08:55:56.358Z,2026-07-13T08:55:56.480Z,122,latest,28,Untrusted,2026-07-13T08:55:53.000Z,true,,live read after variant-batch update
datm-live-2026-07-13T08-53-43-261Z,C,entity-09-malicious,14,2026-07-13T08:55:56.372Z,2026-07-13T08:55:56.479Z,107,latest,26,Untrusted,2026-07-13T08:55:53.000Z,true,,live read after variant-batch update
datm-live-2026-07-13T08-53-43-261Z,C,entity-10-malicious,14,2026-07-13T08:55:56.394Z,2026-07-13T08:55:56.508Z,114,latest,30,Untrusted,2026-07-13T08:55:53.000Z,true,,live read after variant-batch update
datm-live-2026-07-13T08-53-43-261Z,C,entity-01-normal,15,2026-07-13T08:56:05.900Z,2026-07-13T08:56:06.005Z,105,latest,93,Trusted,2026-07-13T08:56:03.000Z,true,,live read after variant-batch update
datm-live-2026-07-13T08-53-43-261Z,C,entity-02-normal,15,2026-07-13T08:56:05.897Z,2026-07-13T08:56:06.006Z,109,latest,91,Trusted,2026-07-13T08:56:03.000Z,true,,live read after variant-batch update
datm-live-2026-07-13T08-53-43-261Z,C,entity-03-normal,15,2026-07-13T08:56:05.899Z,2026-07-13T08:56:06.005Z,106,latest,93,Trusted,2026-07-13T08:56:03.000Z,true,,live read after variant-batch update
datm-live-2026-07-13T08-53-43-261Z,C,entity-04-normal,15,2026-07-13T08:56:05.901Z,2026-07-13T08:56:05.995Z,94,latest,93,Trusted,2026-07-13T08:56:03.000Z,true,,live read after variant-batch update
datm-live-2026-07-13T08-53-43-261Z,C,entity-05-suspicious,15,2026-07-13T08:56:05.901Z,2026-07-13T08:56:05.996Z,95,latest,60,Suspicious,2026-07-13T08:56:03.000Z,true,,live read after variant-batch update
datm-live-2026-07-13T08-53-43-261Z,C,entity-06-suspicious,15,2026-07-13T08:56:05.925Z,2026-07-13T08:56:06.043Z,118,latest,64,Suspicious,2026-07-13T08:56:03.000Z,true,,live read after variant-batch update
datm-live-2026-07-13T08-53-43-261Z,C,entity-07-suspicious,15,2026-07-13T08:56:06.086Z,2026-07-13T08:56:06.187Z,101,latest,61,Suspicious,2026-07-13T08:56:03.000Z,true,,live read after variant-batch update
datm-live-2026-07-13T08-53-43-261Z,C,entity-08-malicious,15,2026-07-13T08:56:06.094Z,2026-07-13T08:56:06.214Z,120,latest,26,Untrusted,2026-07-13T08:56:03.000Z,true,,live read after variant-batch update
datm-live-2026-07-13T08-53-43-261Z,C,entity-09-malicious,15,2026-07-13T08:56:06.115Z,2026-07-13T08:56:06.215Z,100,latest,28,Untrusted,2026-07-13T08:56:03.000Z,true,,live read after variant-batch update
datm-live-2026-07-13T08-53-43-261Z,C,entity-10-malicious,15,2026-07-13T08:56:06.128Z,2026-07-13T08:56:06.244Z,116,latest,28,Untrusted,2026-07-13T08:56:03.000Z,true,,live read after variant-batch update
datm-live-2026-07-13T08-53-43-261Z,C,entity-01-normal,16,2026-07-13T08:56:15.628Z,2026-07-13T08:56:15.749Z,121,latest,90,Trusted,2026-07-13T08:56:13.000Z,true,,live read after variant-batch update
datm-live-2026-07-13T08-53-43-261Z,C,entity-02-normal,16,2026-07-13T08:56:15.625Z,2026-07-13T08:56:15.733Z,108,latest,92,Trusted,2026-07-13T08:56:13.000Z,true,,live read after variant-batch update
datm-live-2026-07-13T08-53-43-261Z,C,entity-03-normal,16,2026-07-13T08:56:15.628Z,2026-07-13T08:56:15.749Z,121,latest,92,Trusted,2026-07-13T08:56:13.000Z,true,,live read after variant-batch update
datm-live-2026-07-13T08-53-43-261Z,C,entity-04-normal,16,2026-07-13T08:56:15.629Z,2026-07-13T08:56:15.732Z,103,latest,90,Trusted,2026-07-13T08:56:13.000Z,true,,live read after variant-batch update
datm-live-2026-07-13T08-53-43-261Z,C,entity-05-suspicious,16,2026-07-13T08:56:15.658Z,2026-07-13T08:56:15.774Z,116,latest,64,Suspicious,2026-07-13T08:56:13.000Z,true,,live read after variant-batch update
datm-live-2026-07-13T08-53-43-261Z,C,entity-06-suspicious,16,2026-07-13T08:56:15.629Z,2026-07-13T08:56:15.749Z,120,latest,61,Suspicious,2026-07-13T08:56:13.000Z,true,,live read after variant-batch update
datm-live-2026-07-13T08-53-43-261Z,C,entity-07-suspicious,16,2026-07-13T08:56:15.813Z,2026-07-13T08:56:15.938Z,125,latest,60,Suspicious,2026-07-13T08:56:13.000Z,true,,live read after variant-batch update
datm-live-2026-07-13T08-53-43-261Z,C,entity-08-malicious,16,2026-07-13T08:56:15.847Z,2026-07-13T08:56:15.973Z,126,latest,28,Untrusted,2026-07-13T08:56:13.000Z,true,,live read after variant-batch update
datm-live-2026-07-13T08-53-43-261Z,C,entity-09-malicious,16,2026-07-13T08:56:15.848Z,2026-07-13T08:56:15.950Z,102,latest,27,Untrusted,2026-07-13T08:56:13.000Z,true,,live read after variant-batch update
datm-live-2026-07-13T08-53-43-261Z,C,entity-10-malicious,16,2026-07-13T08:56:15.847Z,2026-07-13T08:56:15.951Z,104,latest,26,Untrusted,2026-07-13T08:56:13.000Z,true,,live read after variant-batch update
datm-live-2026-07-13T08-53-43-261Z,C,entity-01-normal,17,2026-07-13T08:56:25.367Z,2026-07-13T08:56:25.456Z,89,latest,93,Trusted,2026-07-13T08:56:23.000Z,true,,live read after variant-batch update
datm-live-2026-07-13T08-53-43-261Z,C,entity-02-normal,17,2026-07-13T08:56:25.393Z,2026-07-13T08:56:25.515Z,122,latest,93,Trusted,2026-07-13T08:56:23.000Z,true,,live read after variant-batch update
datm-live-2026-07-13T08-53-43-261Z,C,entity-03-normal,17,2026-07-13T08:56:25.369Z,2026-07-13T08:56:25.480Z,111,latest,92,Trusted,2026-07-13T08:56:23.000Z,true,,live read after variant-batch update
datm-live-2026-07-13T08-53-43-261Z,C,entity-04-normal,17,2026-07-13T08:56:25.372Z,2026-07-13T08:56:25.480Z,108,latest,93,Trusted,2026-07-13T08:56:23.000Z,true,,live read after variant-batch update
datm-live-2026-07-13T08-53-43-261Z,C,entity-05-suspicious,17,2026-07-13T08:56:25.372Z,2026-07-13T08:56:25.456Z,84,latest,61,Suspicious,2026-07-13T08:56:23.000Z,true,,live read after variant-batch update
datm-live-2026-07-13T08-53-43-261Z,C,entity-06-suspicious,17,2026-07-13T08:56:25.372Z,2026-07-13T08:56:25.480Z,108,latest,58,Suspicious,2026-07-13T08:56:23.000Z,true,,live read after variant-batch update
datm-live-2026-07-13T08-53-43-261Z,C,entity-07-suspicious,17,2026-07-13T08:56:25.558Z,2026-07-13T08:56:25.656Z,98,latest,64,Suspicious,2026-07-13T08:56:23.000Z,true,,live read after variant-batch update
datm-live-2026-07-13T08-53-43-261Z,C,entity-08-malicious,17,2026-07-13T08:56:25.566Z,2026-07-13T08:56:25.682Z,116,latest,27,Untrusted,2026-07-13T08:56:23.000Z,true,,live read after variant-batch update
datm-live-2026-07-13T08-53-43-261Z,C,entity-09-malicious,17,2026-07-13T08:56:25.593Z,2026-07-13T08:56:25.719Z,126,latest,26,Untrusted,2026-07-13T08:56:23.000Z,true,,live read after variant-batch update
datm-live-2026-07-13T08-53-43-261Z,C,entity-10-malicious,17,2026-07-13T08:56:25.575Z,2026-07-13T08:56:25.683Z,108,latest,28,Untrusted,2026-07-13T08:56:23.000Z,true,,live read after variant-batch update
datm-live-2026-07-13T08-53-43-261Z,C,entity-01-normal,18,2026-07-13T08:56:35.125Z,2026-07-13T08:56:35.218Z,93,latest,92,Trusted,2026-07-13T08:56:33.000Z,true,,live read after variant-batch update
datm-live-2026-07-13T08-53-43-261Z,C,entity-02-normal,18,2026-07-13T08:56:35.128Z,2026-07-13T08:56:35.219Z,91,latest,91,Trusted,2026-07-13T08:56:33.000Z,true,,live read after variant-batch update
datm-live-2026-07-13T08-53-43-261Z,C,entity-03-normal,18,2026-07-13T08:56:35.128Z,2026-07-13T08:56:35.240Z,112,latest,92,Trusted,2026-07-13T08:56:33.000Z,true,,live read after variant-batch update
datm-live-2026-07-13T08-53-43-261Z,C,entity-04-normal,18,2026-07-13T08:56:35.152Z,2026-07-13T08:56:35.268Z,116,latest,92,Trusted,2026-07-13T08:56:33.000Z,true,,live read after variant-batch update
datm-live-2026-07-13T08-53-43-261Z,C,entity-05-suspicious,18,2026-07-13T08:56:35.125Z,2026-07-13T08:56:35.240Z,115,latest,58,Suspicious,2026-07-13T08:56:33.000Z,true,,live read after variant-batch update
datm-live-2026-07-13T08-53-43-261Z,C,entity-06-suspicious,18,2026-07-13T08:56:35.126Z,2026-07-13T08:56:35.241Z,115,latest,60,Suspicious,2026-07-13T08:56:33.000Z,true,,live read after variant-batch update
datm-live-2026-07-13T08-53-43-261Z,C,entity-07-suspicious,18,2026-07-13T08:56:35.317Z,2026-07-13T08:56:35.416Z,99,latest,61,Suspicious,2026-07-13T08:56:33.000Z,true,,live read after variant-batch update
datm-live-2026-07-13T08-53-43-261Z,C,entity-08-malicious,18,2026-07-13T08:56:35.334Z,2026-07-13T08:56:35.458Z,124,latest,26,Untrusted,2026-07-13T08:56:33.000Z,true,,live read after variant-batch update
datm-live-2026-07-13T08-53-43-261Z,C,entity-09-malicious,18,2026-07-13T08:56:35.354Z,2026-07-13T08:56:35.485Z,131,latest,27,Untrusted,2026-07-13T08:56:33.000Z,true,,live read after variant-batch update
datm-live-2026-07-13T08-53-43-261Z,C,entity-10-malicious,18,2026-07-13T08:56:35.342Z,2026-07-13T08:56:35.457Z,115,latest,28,Untrusted,2026-07-13T08:56:33.000Z,true,,live read after variant-batch update
datm-live-2026-07-13T08-53-43-261Z,C,entity-01-normal,19,2026-07-13T08:56:44.876Z,2026-07-13T08:56:44.974Z,98,latest,92,Trusted,2026-07-13T08:56:43.000Z,true,,live read after variant-batch update
datm-live-2026-07-13T08-53-43-261Z,C,entity-02-normal,19,2026-07-13T08:56:44.899Z,2026-07-13T08:56:45.028Z,129,latest,93,Trusted,2026-07-13T08:56:43.000Z,true,,live read after variant-batch update
datm-live-2026-07-13T08-53-43-261Z,C,entity-03-normal,19,2026-07-13T08:56:44.879Z,2026-07-13T08:56:45.001Z,122,latest,93,Trusted,2026-07-13T08:56:43.000Z,true,,live read after variant-batch update
datm-live-2026-07-13T08-53-43-261Z,C,entity-04-normal,19,2026-07-13T08:56:44.879Z,2026-07-13T08:56:44.973Z,94,latest,92,Trusted,2026-07-13T08:56:43.000Z,true,,live read after variant-batch update
datm-live-2026-07-13T08-53-43-261Z,C,entity-05-suspicious,19,2026-07-13T08:56:44.876Z,2026-07-13T08:56:45.003Z,127,latest,60,Suspicious,2026-07-13T08:56:43.000Z,true,,live read after variant-batch update
datm-live-2026-07-13T08-53-43-261Z,C,entity-06-suspicious,19,2026-07-13T08:56:44.870Z,2026-07-13T08:56:45.002Z,132,latest,62,Suspicious,2026-07-13T08:56:43.000Z,true,,live read after variant-batch update
datm-live-2026-07-13T08-53-43-261Z,C,entity-07-suspicious,19,2026-07-13T08:56:45.075Z,2026-07-13T08:56:45.187Z,112,latest,58,Suspicious,2026-07-13T08:56:43.000Z,true,,live read after variant-batch update
datm-live-2026-07-13T08-53-43-261Z,C,entity-08-malicious,19,2026-07-13T08:56:45.087Z,2026-07-13T08:56:45.214Z,127,latest,27,Untrusted,2026-07-13T08:56:43.000Z,true,,live read after variant-batch update
datm-live-2026-07-13T08-53-43-261Z,C,entity-09-malicious,19,2026-07-13T08:56:45.093Z,2026-07-13T08:56:45.215Z,122,latest,26,Untrusted,2026-07-13T08:56:43.000Z,true,,live read after variant-batch update
datm-live-2026-07-13T08-53-43-261Z,C,entity-10-malicious,19,2026-07-13T08:56:45.126Z,2026-07-13T08:56:45.241Z,115,latest,27,Untrusted,2026-07-13T08:56:43.000Z,true,,live read after variant-batch update
datm-live-2026-07-13T08-53-43-261Z,C,entity-01-normal,20,2026-07-13T08:56:54.649Z,2026-07-13T08:56:54.758Z,109,latest,92,Trusted,2026-07-13T08:56:53.000Z,true,,live read after variant-batch update
datm-live-2026-07-13T08-53-43-261Z,C,entity-02-normal,20,2026-07-13T08:56:54.626Z,2026-07-13T08:56:54.721Z,95,latest,93,Trusted,2026-07-13T08:56:53.000Z,true,,live read after variant-batch update
datm-live-2026-07-13T08-53-43-261Z,C,entity-03-normal,20,2026-07-13T08:56:54.624Z,2026-07-13T08:56:54.721Z,97,latest,91,Trusted,2026-07-13T08:56:53.000Z,true,,live read after variant-batch update
datm-live-2026-07-13T08-53-43-261Z,C,entity-04-normal,20,2026-07-13T08:56:54.627Z,2026-07-13T08:56:54.730Z,103,latest,92,Trusted,2026-07-13T08:56:53.000Z,true,,live read after variant-batch update
datm-live-2026-07-13T08-53-43-261Z,C,entity-05-suspicious,20,2026-07-13T08:56:54.628Z,2026-07-13T08:56:54.730Z,102,latest,62,Suspicious,2026-07-13T08:56:53.000Z,true,,live read after variant-batch update
datm-live-2026-07-13T08-53-43-261Z,C,entity-06-suspicious,20,2026-07-13T08:56:54.627Z,2026-07-13T08:56:54.729Z,102,latest,63,Suspicious,2026-07-13T08:56:53.000Z,true,,live read after variant-batch update
datm-live-2026-07-13T08-53-43-261Z,C,entity-07-suspicious,20,2026-07-13T08:56:54.817Z,2026-07-13T08:56:54.943Z,126,latest,60,Suspicious,2026-07-13T08:56:53.000Z,true,,live read after variant-batch update
datm-live-2026-07-13T08-53-43-261Z,C,entity-08-malicious,20,2026-07-13T08:56:54.805Z,2026-07-13T08:56:54.909Z,104,latest,26,Untrusted,2026-07-13T08:56:53.000Z,true,,live read after variant-batch update
datm-live-2026-07-13T08-53-43-261Z,C,entity-09-malicious,20,2026-07-13T08:56:54.854Z,2026-07-13T08:56:54.969Z,115,latest,26,Untrusted,2026-07-13T08:56:53.000Z,true,,live read after variant-batch update
datm-live-2026-07-13T08-53-43-261Z,C,entity-10-malicious,20,2026-07-13T08:56:54.826Z,2026-07-13T08:56:54.944Z,118,latest,28,Untrusted,2026-07-13T08:56:53.000Z,true,,live read after variant-batch update
datm-live-2026-07-13T08-53-43-261Z,C,entity-01-normal,21,2026-07-13T08:57:04.358Z,2026-07-13T08:57:04.447Z,89,latest,91,Trusted,2026-07-13T08:57:03.000Z,true,,live read after variant-batch update
datm-live-2026-07-13T08-53-43-261Z,C,entity-02-normal,21,2026-07-13T08:57:04.359Z,2026-07-13T08:57:04.446Z,87,latest,89,Trusted,2026-07-13T08:57:03.000Z,true,,live read after variant-batch update
datm-live-2026-07-13T08-53-43-261Z,C,entity-03-normal,21,2026-07-13T08:57:04.383Z,2026-07-13T08:57:04.509Z,126,latest,91,Trusted,2026-07-13T08:57:03.000Z,true,,live read after variant-batch update
datm-live-2026-07-13T08-53-43-261Z,C,entity-04-normal,21,2026-07-13T08:57:04.352Z,2026-07-13T08:57:04.481Z,129,latest,91,Trusted,2026-07-13T08:57:03.000Z,true,,live read after variant-batch update
datm-live-2026-07-13T08-53-43-261Z,C,entity-05-suspicious,21,2026-07-13T08:57:04.360Z,2026-07-13T08:57:04.480Z,120,latest,63,Suspicious,2026-07-13T08:57:03.000Z,true,,live read after variant-batch update
datm-live-2026-07-13T08-53-43-261Z,C,entity-06-suspicious,21,2026-07-13T08:57:04.359Z,2026-07-13T08:57:04.480Z,121,latest,61,Suspicious,2026-07-13T08:57:03.000Z,true,,live read after variant-batch update
datm-live-2026-07-13T08-53-43-261Z,C,entity-07-suspicious,21,2026-07-13T08:57:04.547Z,2026-07-13T08:57:04.648Z,101,latest,62,Suspicious,2026-07-13T08:57:03.000Z,true,,live read after variant-batch update
datm-live-2026-07-13T08-53-43-261Z,C,entity-08-malicious,21,2026-07-13T08:57:04.558Z,2026-07-13T08:57:04.673Z,115,latest,26,Untrusted,2026-07-13T08:57:03.000Z,true,,live read after variant-batch update
datm-live-2026-07-13T08-53-43-261Z,C,entity-09-malicious,21,2026-07-13T08:57:04.571Z,2026-07-13T08:57:04.674Z,103,latest,27,Untrusted,2026-07-13T08:57:03.000Z,true,,live read after variant-batch update
datm-live-2026-07-13T08-53-43-261Z,C,entity-10-malicious,21,2026-07-13T08:57:04.584Z,2026-07-13T08:57:04.698Z,114,latest,26,Untrusted,2026-07-13T08:57:03.000Z,true,,live read after variant-batch update
datm-live-2026-07-13T08-53-43-261Z,C,entity-01-normal,22,2026-07-13T08:57:14.147Z,2026-07-13T08:57:14.258Z,111,latest,91,Trusted,2026-07-13T08:57:13.000Z,true,,live read after variant-batch update
datm-live-2026-07-13T08-53-43-261Z,C,entity-02-normal,22,2026-07-13T08:57:14.147Z,2026-07-13T08:57:14.258Z,111,latest,93,Trusted,2026-07-13T08:57:13.000Z,true,,live read after variant-batch update
datm-live-2026-07-13T08-53-43-261Z,C,entity-03-normal,22,2026-07-13T08:57:14.149Z,2026-07-13T08:57:14.257Z,108,latest,92,Trusted,2026-07-13T08:57:13.000Z,true,,live read after variant-batch update
datm-live-2026-07-13T08-53-43-261Z,C,entity-04-normal,22,2026-07-13T08:57:14.149Z,2026-07-13T08:57:14.256Z,107,latest,91,Trusted,2026-07-13T08:57:13.000Z,true,,live read after variant-batch update
datm-live-2026-07-13T08-53-43-261Z,C,entity-05-suspicious,22,2026-07-13T08:57:14.149Z,2026-07-13T08:57:14.257Z,108,latest,61,Suspicious,2026-07-13T08:57:13.000Z,true,,live read after variant-batch update
datm-live-2026-07-13T08-53-43-261Z,C,entity-06-suspicious,22,2026-07-13T08:57:14.171Z,2026-07-13T08:57:14.286Z,115,latest,58,Suspicious,2026-07-13T08:57:13.000Z,true,,live read after variant-batch update
datm-live-2026-07-13T08-53-43-261Z,C,entity-07-suspicious,22,2026-07-13T08:57:14.356Z,2026-07-13T08:57:14.468Z,112,latest,63,Suspicious,2026-07-13T08:57:13.000Z,true,,live read after variant-batch update
datm-live-2026-07-13T08-53-43-261Z,C,entity-08-malicious,22,2026-07-13T08:57:14.359Z,2026-07-13T08:57:14.458Z,99,latest,27,Untrusted,2026-07-13T08:57:13.000Z,true,,live read after variant-batch update
datm-live-2026-07-13T08-53-43-261Z,C,entity-09-malicious,22,2026-07-13T08:57:14.383Z,2026-07-13T08:57:14.502Z,119,latest,25,Untrusted,2026-07-13T08:57:13.000Z,true,,live read after variant-batch update
datm-live-2026-07-13T08-53-43-261Z,C,entity-10-malicious,22,2026-07-13T08:57:14.358Z,2026-07-13T08:57:14.457Z,99,latest,26,Untrusted,2026-07-13T08:57:13.000Z,true,,live read after variant-batch update
datm-live-2026-07-13T08-53-43-261Z,C,entity-01-normal,23,2026-07-13T08:57:27.930Z,2026-07-13T08:57:28.034Z,104,latest,93,Trusted,2026-07-13T08:57:23.000Z,true,,live read after variant-batch update
datm-live-2026-07-13T08-53-43-261Z,C,entity-02-normal,23,2026-07-13T08:57:27.981Z,2026-07-13T08:57:28.081Z,100,latest,93,Trusted,2026-07-13T08:57:23.000Z,true,,live read after variant-batch update
datm-live-2026-07-13T08-53-43-261Z,C,entity-03-normal,23,2026-07-13T08:57:27.999Z,2026-07-13T08:57:28.120Z,121,latest,92,Trusted,2026-07-13T08:57:23.000Z,true,,live read after variant-batch update
datm-live-2026-07-13T08-53-43-261Z,C,entity-04-normal,23,2026-07-13T08:57:27.981Z,2026-07-13T08:57:28.082Z,101,latest,93,Trusted,2026-07-13T08:57:23.000Z,true,,live read after variant-batch update
datm-live-2026-07-13T08-53-43-261Z,C,entity-05-suspicious,23,2026-07-13T08:57:27.981Z,2026-07-13T08:57:28.089Z,108,latest,58,Suspicious,2026-07-13T08:57:23.000Z,true,,live read after variant-batch update
datm-live-2026-07-13T08-53-43-261Z,C,entity-06-suspicious,23,2026-07-13T08:57:27.959Z,2026-07-13T08:57:28.090Z,131,latest,61,Suspicious,2026-07-13T08:57:23.000Z,true,,live read after variant-batch update
datm-live-2026-07-13T08-53-43-261Z,C,entity-07-suspicious,23,2026-07-13T08:57:28.151Z,2026-07-13T08:57:28.281Z,130,latest,61,Suspicious,2026-07-13T08:57:23.000Z,true,,live read after variant-batch update
datm-live-2026-07-13T08-53-43-261Z,C,entity-08-malicious,23,2026-07-13T08:57:28.180Z,2026-07-13T08:57:28.290Z,110,latest,25,Untrusted,2026-07-13T08:57:23.000Z,true,,live read after variant-batch update
datm-live-2026-07-13T08-53-43-261Z,C,entity-09-malicious,23,2026-07-13T08:57:28.182Z,2026-07-13T08:57:28.290Z,108,latest,25,Untrusted,2026-07-13T08:57:23.000Z,true,,live read after variant-batch update
datm-live-2026-07-13T08-53-43-261Z,C,entity-10-malicious,23,2026-07-13T08:57:28.184Z,2026-07-13T08:57:28.308Z,124,latest,28,Untrusted,2026-07-13T08:57:23.000Z,true,,live read after variant-batch update
datm-live-2026-07-13T08-53-43-261Z,C,entity-01-normal,24,2026-07-13T08:57:37.700Z,2026-07-13T08:57:37.807Z,107,latest,92,Trusted,2026-07-13T08:57:33.000Z,true,,live read after variant-batch update
datm-live-2026-07-13T08-53-43-261Z,C,entity-02-normal,24,2026-07-13T08:57:37.702Z,2026-07-13T08:57:37.807Z,105,latest,91,Trusted,2026-07-13T08:57:33.000Z,true,,live read after variant-batch update
datm-live-2026-07-13T08-53-43-261Z,C,entity-03-normal,24,2026-07-13T08:57:37.706Z,2026-07-13T08:57:37.825Z,119,latest,92,Trusted,2026-07-13T08:57:33.000Z,true,,live read after variant-batch update
datm-live-2026-07-13T08-53-43-261Z,C,entity-04-normal,24,2026-07-13T08:57:37.714Z,2026-07-13T08:57:37.826Z,112,latest,92,Trusted,2026-07-13T08:57:33.000Z,true,,live read after variant-batch update
datm-live-2026-07-13T08-53-43-261Z,C,entity-05-suspicious,24,2026-07-13T08:57:37.699Z,2026-07-13T08:57:37.823Z,124,latest,61,Suspicious,2026-07-13T08:57:33.000Z,true,,live read after variant-batch update
datm-live-2026-07-13T08-53-43-261Z,C,entity-06-suspicious,24,2026-07-13T08:57:37.687Z,2026-07-13T08:57:37.798Z,111,latest,61,Suspicious,2026-07-13T08:57:33.000Z,true,,live read after variant-batch update
datm-live-2026-07-13T08-53-43-261Z,C,entity-07-suspicious,24,2026-07-13T08:57:37.891Z,2026-07-13T08:57:37.997Z,106,latest,58,Suspicious,2026-07-13T08:57:33.000Z,true,,live read after variant-batch update
datm-live-2026-07-13T08-53-43-261Z,C,entity-08-malicious,24,2026-07-13T08:57:37.908Z,2026-07-13T08:57:38.023Z,115,latest,25,Untrusted,2026-07-13T08:57:33.000Z,true,,live read after variant-batch update
datm-live-2026-07-13T08-53-43-261Z,C,entity-09-malicious,24,2026-07-13T08:57:37.890Z,2026-07-13T08:57:38.000Z,110,latest,27,Untrusted,2026-07-13T08:57:33.000Z,true,,live read after variant-batch update
datm-live-2026-07-13T08-53-43-261Z,C,entity-10-malicious,24,2026-07-13T08:57:37.934Z,2026-07-13T08:57:38.049Z,115,latest,26,Untrusted,2026-07-13T08:57:33.000Z,true,,live read after variant-batch update
datm-live-2026-07-13T08-53-43-261Z,C,entity-01-normal,25,2026-07-13T08:57:47.462Z,2026-07-13T08:57:47.560Z,98,latest,92,Trusted,2026-07-13T08:57:43.000Z,true,,live read after variant-batch update
datm-live-2026-07-13T08-53-43-261Z,C,entity-02-normal,25,2026-07-13T08:57:47.462Z,2026-07-13T08:57:47.573Z,111,latest,92,Trusted,2026-07-13T08:57:43.000Z,true,,live read after variant-batch update
datm-live-2026-07-13T08-53-43-261Z,C,entity-03-normal,25,2026-07-13T08:57:47.463Z,2026-07-13T08:57:47.561Z,98,latest,93,Trusted,2026-07-13T08:57:43.000Z,true,,live read after variant-batch update
datm-live-2026-07-13T08-53-43-261Z,C,entity-04-normal,25,2026-07-13T08:57:47.464Z,2026-07-13T08:57:47.572Z,108,latest,92,Trusted,2026-07-13T08:57:43.000Z,true,,live read after variant-batch update
datm-live-2026-07-13T08-53-43-261Z,C,entity-05-suspicious,25,2026-07-13T08:57:47.488Z,2026-07-13T08:57:47.607Z,119,latest,61,Suspicious,2026-07-13T08:57:43.000Z,true,,live read after variant-batch update
datm-live-2026-07-13T08-53-43-261Z,C,entity-06-suspicious,25,2026-07-13T08:57:47.451Z,2026-07-13T08:57:47.574Z,123,latest,61,Suspicious,2026-07-13T08:57:43.000Z,true,,live read after variant-batch update
datm-live-2026-07-13T08-53-43-261Z,C,entity-07-suspicious,25,2026-07-13T08:57:47.650Z,2026-07-13T08:57:47.753Z,103,latest,61,Suspicious,2026-07-13T08:57:43.000Z,true,,live read after variant-batch update
datm-live-2026-07-13T08-53-43-261Z,C,entity-08-malicious,25,2026-07-13T08:57:47.663Z,2026-07-13T08:57:47.779Z,116,latest,27,Untrusted,2026-07-13T08:57:43.000Z,true,,live read after variant-batch update
datm-live-2026-07-13T08-53-43-261Z,C,entity-09-malicious,25,2026-07-13T08:57:47.674Z,2026-07-13T08:57:47.778Z,104,latest,25,Untrusted,2026-07-13T08:57:43.000Z,true,,live read after variant-batch update
datm-live-2026-07-13T08-53-43-261Z,C,entity-10-malicious,25,2026-07-13T08:57:47.696Z,2026-07-13T08:57:47.804Z,108,latest,25,Untrusted,2026-07-13T08:57:43.000Z,true,,live read after variant-batch update
datm-live-2026-07-13T08-53-43-261Z,C,entity-01-normal,26,2026-07-13T08:57:57.186Z,2026-07-13T08:57:57.293Z,107,latest,92,Trusted,2026-07-13T08:57:53.000Z,true,,live read after variant-batch update
datm-live-2026-07-13T08-53-43-261Z,C,entity-02-normal,26,2026-07-13T08:57:57.187Z,2026-07-13T08:57:57.293Z,106,latest,92,Trusted,2026-07-13T08:57:53.000Z,true,,live read after variant-batch update
datm-live-2026-07-13T08-53-43-261Z,C,entity-03-normal,26,2026-07-13T08:57:57.190Z,2026-07-13T08:57:57.288Z,98,latest,91,Trusted,2026-07-13T08:57:53.000Z,true,,live read after variant-batch update
datm-live-2026-07-13T08-53-43-261Z,C,entity-04-normal,26,2026-07-13T08:57:57.189Z,2026-07-13T08:57:57.292Z,103,latest,92,Trusted,2026-07-13T08:57:53.000Z,true,,live read after variant-batch update
datm-live-2026-07-13T08-53-43-261Z,C,entity-05-suspicious,26,2026-07-13T08:57:57.191Z,2026-07-13T08:57:57.289Z,98,latest,61,Suspicious,2026-07-13T08:57:53.000Z,true,,live read after variant-batch update
datm-live-2026-07-13T08-53-43-261Z,C,entity-06-suspicious,26,2026-07-13T08:57:57.218Z,2026-07-13T08:57:57.319Z,101,latest,60,Suspicious,2026-07-13T08:57:53.000Z,true,,live read after variant-batch update
datm-live-2026-07-13T08-53-43-261Z,C,entity-07-suspicious,26,2026-07-13T08:57:57.393Z,2026-07-13T08:57:57.492Z,99,latest,61,Suspicious,2026-07-13T08:57:53.000Z,true,,live read after variant-batch update
datm-live-2026-07-13T08-53-43-261Z,C,entity-08-malicious,26,2026-07-13T08:57:57.397Z,2026-07-13T08:57:57.485Z,88,latest,25,Untrusted,2026-07-13T08:57:53.000Z,true,,live read after variant-batch update
datm-live-2026-07-13T08-53-43-261Z,C,entity-09-malicious,26,2026-07-13T08:57:57.418Z,2026-07-13T08:57:57.524Z,106,latest,24,Untrusted,2026-07-13T08:57:53.000Z,true,,live read after variant-batch update
datm-live-2026-07-13T08-53-43-261Z,C,entity-10-malicious,26,2026-07-13T08:57:57.396Z,2026-07-13T08:57:57.484Z,88,latest,28,Untrusted,2026-07-13T08:57:53.000Z,true,,live read after variant-batch update
datm-live-2026-07-13T08-53-43-261Z,C,entity-01-normal,27,2026-07-13T08:58:06.886Z,2026-07-13T08:58:06.978Z,92,latest,93,Trusted,2026-07-13T08:58:03.000Z,true,,live read after variant-batch update
datm-live-2026-07-13T08-53-43-261Z,C,entity-02-normal,27,2026-07-13T08:58:06.886Z,2026-07-13T08:58:06.993Z,107,latest,91,Trusted,2026-07-13T08:58:03.000Z,true,,live read after variant-batch update
datm-live-2026-07-13T08-53-43-261Z,C,entity-03-normal,27,2026-07-13T08:58:06.887Z,2026-07-13T08:58:06.994Z,107,latest,93,Trusted,2026-07-13T08:58:03.000Z,true,,live read after variant-batch update
datm-live-2026-07-13T08-53-43-261Z,C,entity-04-normal,27,2026-07-13T08:58:06.910Z,2026-07-13T08:58:07.019Z,109,latest,93,Trusted,2026-07-13T08:58:03.000Z,true,,live read after variant-batch update
datm-live-2026-07-13T08-53-43-261Z,C,entity-05-suspicious,27,2026-07-13T08:58:06.886Z,2026-07-13T08:58:06.979Z,93,latest,60,Suspicious,2026-07-13T08:58:03.000Z,true,,live read after variant-batch update
datm-live-2026-07-13T08-53-43-261Z,C,entity-06-suspicious,27,2026-07-13T08:58:06.882Z,2026-07-13T08:58:06.995Z,113,latest,63,Suspicious,2026-07-13T08:58:03.000Z,true,,live read after variant-batch update
datm-live-2026-07-13T08-53-43-261Z,C,entity-07-suspicious,27,2026-07-13T08:58:07.066Z,2026-07-13T08:58:07.183Z,117,latest,61,Suspicious,2026-07-13T08:58:03.000Z,true,,live read after variant-batch update
datm-live-2026-07-13T08-53-43-261Z,C,entity-08-malicious,27,2026-07-13T08:58:07.068Z,2026-07-13T08:58:07.173Z,105,latest,24,Untrusted,2026-07-13T08:58:03.000Z,true,,live read after variant-batch update
datm-live-2026-07-13T08-53-43-261Z,C,entity-09-malicious,27,2026-07-13T08:58:07.091Z,2026-07-13T08:58:07.174Z,83,latest,26,Untrusted,2026-07-13T08:58:03.000Z,true,,live read after variant-batch update
datm-live-2026-07-13T08-53-43-261Z,C,entity-10-malicious,27,2026-07-13T08:58:07.106Z,2026-07-13T08:58:07.209Z,103,latest,26,Untrusted,2026-07-13T08:58:03.000Z,true,,live read after variant-batch update
datm-live-2026-07-13T08-53-43-261Z,C,entity-01-normal,28,2026-07-13T08:58:16.602Z,2026-07-13T08:58:16.719Z,117,latest,91,Trusted,2026-07-13T08:58:13.000Z,true,,live read after variant-batch update
datm-live-2026-07-13T08-53-43-261Z,C,entity-02-normal,28,2026-07-13T08:58:16.641Z,2026-07-13T08:58:16.760Z,119,latest,92,Trusted,2026-07-13T08:58:13.000Z,true,,live read after variant-batch update
datm-live-2026-07-13T08-53-43-261Z,C,entity-03-normal,28,2026-07-13T08:58:16.599Z,2026-07-13T08:58:16.729Z,130,latest,92,Trusted,2026-07-13T08:58:13.000Z,true,,live read after variant-batch update
datm-live-2026-07-13T08-53-43-261Z,C,entity-04-normal,28,2026-07-13T08:58:16.601Z,2026-07-13T08:58:16.728Z,127,latest,91,Trusted,2026-07-13T08:58:13.000Z,true,,live read after variant-batch update
datm-live-2026-07-13T08-53-43-261Z,C,entity-05-suspicious,28,2026-07-13T08:58:16.601Z,2026-07-13T08:58:16.728Z,127,latest,63,Suspicious,2026-07-13T08:58:13.000Z,true,,live read after variant-batch update
datm-live-2026-07-13T08-53-43-261Z,C,entity-06-suspicious,28,2026-07-13T08:58:16.602Z,2026-07-13T08:58:16.719Z,117,latest,62,Suspicious,2026-07-13T08:58:13.000Z,true,,live read after variant-batch update
datm-live-2026-07-13T08-53-43-261Z,C,entity-07-suspicious,28,2026-07-13T08:58:16.797Z,2026-07-13T08:58:16.909Z,112,latest,60,Suspicious,2026-07-13T08:58:13.000Z,true,,live read after variant-batch update
datm-live-2026-07-13T08-53-43-261Z,C,entity-08-malicious,28,2026-07-13T08:58:16.826Z,2026-07-13T08:58:16.940Z,114,latest,26,Untrusted,2026-07-13T08:58:13.000Z,true,,live read after variant-batch update
datm-live-2026-07-13T08-53-43-261Z,C,entity-09-malicious,28,2026-07-13T08:58:16.827Z,2026-07-13T08:58:16.939Z,112,latest,25,Untrusted,2026-07-13T08:58:13.000Z,true,,live read after variant-batch update
datm-live-2026-07-13T08-53-43-261Z,C,entity-10-malicious,28,2026-07-13T08:58:16.846Z,2026-07-13T08:58:16.969Z,123,latest,24,Untrusted,2026-07-13T08:58:13.000Z,true,,live read after variant-batch update
datm-live-2026-07-13T08-53-43-261Z,C,entity-01-normal,29,2026-07-13T08:58:26.363Z,2026-07-13T08:58:26.465Z,102,latest,93,Trusted,2026-07-13T08:58:23.000Z,true,,live read after variant-batch update
datm-live-2026-07-13T08-53-43-261Z,C,entity-02-normal,29,2026-07-13T08:58:26.356Z,2026-07-13T08:58:26.472Z,116,latest,92,Trusted,2026-07-13T08:58:23.000Z,true,,live read after variant-batch update
datm-live-2026-07-13T08-53-43-261Z,C,entity-03-normal,29,2026-07-13T08:58:26.360Z,2026-07-13T08:58:26.473Z,113,latest,92,Trusted,2026-07-13T08:58:23.000Z,true,,live read after variant-batch update
datm-live-2026-07-13T08-53-43-261Z,C,entity-04-normal,29,2026-07-13T08:58:26.359Z,2026-07-13T08:58:26.466Z,107,latest,93,Trusted,2026-07-13T08:58:23.000Z,true,,live read after variant-batch update
datm-live-2026-07-13T08-53-43-261Z,C,entity-05-suspicious,29,2026-07-13T08:58:26.362Z,2026-07-13T08:58:26.472Z,110,latest,62,Suspicious,2026-07-13T08:58:23.000Z,true,,live read after variant-batch update
datm-live-2026-07-13T08-53-43-261Z,C,entity-06-suspicious,29,2026-07-13T08:58:26.385Z,2026-07-13T08:58:26.511Z,126,latest,58,Suspicious,2026-07-13T08:58:23.000Z,true,,live read after variant-batch update
datm-live-2026-07-13T08-53-43-261Z,C,entity-07-suspicious,29,2026-07-13T08:58:26.592Z,2026-07-13T08:58:26.689Z,97,latest,63,Suspicious,2026-07-13T08:58:23.000Z,true,,live read after variant-batch update
datm-live-2026-07-13T08-53-43-261Z,C,entity-08-malicious,29,2026-07-13T08:58:26.619Z,2026-07-13T08:58:26.723Z,104,latest,25,Untrusted,2026-07-13T08:58:23.000Z,true,,live read after variant-batch update
datm-live-2026-07-13T08-53-43-261Z,C,entity-09-malicious,29,2026-07-13T08:58:26.595Z,2026-07-13T08:58:26.697Z,102,latest,24,Untrusted,2026-07-13T08:58:23.000Z,true,,live read after variant-batch update
datm-live-2026-07-13T08-53-43-261Z,C,entity-10-malicious,29,2026-07-13T08:58:26.593Z,2026-07-13T08:58:26.688Z,95,latest,26,Untrusted,2026-07-13T08:58:23.000Z,true,,live read after variant-batch update
datm-live-2026-07-13T08-53-43-261Z,C,entity-01-normal,30,2026-07-13T08:58:36.114Z,2026-07-13T08:58:36.214Z,100,latest,92,Trusted,2026-07-13T08:58:33.000Z,true,,live read after variant-batch update
datm-live-2026-07-13T08-53-43-261Z,C,entity-02-normal,30,2026-07-13T08:58:36.099Z,2026-07-13T08:58:36.213Z,114,latest,91,Trusted,2026-07-13T08:58:33.000Z,true,,live read after variant-batch update
datm-live-2026-07-13T08-53-43-261Z,C,entity-03-normal,30,2026-07-13T08:58:36.112Z,2026-07-13T08:58:36.199Z,87,latest,92,Trusted,2026-07-13T08:58:33.000Z,true,,live read after variant-batch update
datm-live-2026-07-13T08-53-43-261Z,C,entity-04-normal,30,2026-07-13T08:58:36.113Z,2026-07-13T08:58:36.198Z,85,latest,92,Trusted,2026-07-13T08:58:33.000Z,true,,live read after variant-batch update
datm-live-2026-07-13T08-53-43-261Z,C,entity-05-suspicious,30,2026-07-13T08:58:36.113Z,2026-07-13T08:58:36.214Z,101,latest,58,Suspicious,2026-07-13T08:58:33.000Z,true,,live read after variant-batch update
datm-live-2026-07-13T08-53-43-261Z,C,entity-06-suspicious,30,2026-07-13T08:58:36.124Z,2026-07-13T08:58:36.239Z,115,latest,60,Suspicious,2026-07-13T08:58:33.000Z,true,,live read after variant-batch update
datm-live-2026-07-13T08-53-43-261Z,C,entity-07-suspicious,30,2026-07-13T08:58:36.292Z,2026-07-13T08:58:36.414Z,122,latest,62,Suspicious,2026-07-13T08:58:33.000Z,true,,live read after variant-batch update
datm-live-2026-07-13T08-53-43-261Z,C,entity-08-malicious,30,2026-07-13T08:58:36.277Z,2026-07-13T08:58:36.387Z,110,latest,24,Untrusted,2026-07-13T08:58:33.000Z,true,,live read after variant-batch update
datm-live-2026-07-13T08-53-43-261Z,C,entity-09-malicious,30,2026-07-13T08:58:36.311Z,2026-07-13T08:58:36.413Z,102,latest,25,Untrusted,2026-07-13T08:58:33.000Z,true,,live read after variant-batch update
datm-live-2026-07-13T08-53-43-261Z,C,entity-10-malicious,30,2026-07-13T08:58:36.326Z,2026-07-13T08:58:36.448Z,122,latest,26,Untrusted,2026-07-13T08:58:33.000Z,true,,live read after variant-batch update
