run_id,variant,entity_id,entity_profile,sequence_no,scheduled_at,datm_start_at,datm_end_at,datm_processing_ms,submit_at,tx_hash,receipt_at,tx_status,gas_used,effective_gas_price,block_number,block_hash,block_timestamp,confirmation_latency_ms,block_inclusion_latency_ms,end_to_end_latency_ms,ats,trust_state,calc_timestamp,input_hash,error_code,error_message
datm-live-2026-07-13T11-22-25-113Z,B,entity-01-normal,normal,1,2026-07-13T11:22:25.445Z,2026-07-13T11:22:25.445Z,2026-07-13T11:22:25.445Z,0,2026-07-13T11:22:25.551Z,0x02cac1b5bb51b014949690ce77ebd6a386469c34b5307b9bf5aa37f2f7549641,2026-07-13T11:22:29.869Z,success,38835,1000,6378541,0xa20e0874d0dae213c5647ca2ba8fcc316a163cad56df9059cf9d0b19c3b95085,2026-07-13T11:22:29.869Z,4318,4318,4424,89,Trusted,2026-07-13T11:22:25.250Z,0xe9240d7fc6b1aa932937bf9931bbb000c23d7d33c08d62aaa3f9535e84f8ffc9,,variant-batch live execution
datm-live-2026-07-13T11-22-25-113Z,B,entity-02-normal,normal,1,2026-07-13T11:22:25.448Z,2026-07-13T11:22:25.448Z,2026-07-13T11:22:25.448Z,0,2026-07-13T11:22:25.589Z,0xe7229470e3bdb964dab98434248a3b1d702bbbb5c3f57393058f579805d5773d,2026-07-13T11:22:29.846Z,success,38847,1000,6378541,0xa20e0874d0dae213c5647ca2ba8fcc316a163cad56df9059cf9d0b19c3b95085,2026-07-13T11:22:29.846Z,4257,4257,4398,90,Trusted,2026-07-13T11:22:25.250Z,0xe22d19b4a6cf04be86027fce68bfc64835d8650aec2759ebab4afe4277886815,,variant-batch live execution
datm-live-2026-07-13T11-22-25-113Z,B,entity-03-normal,normal,1,2026-07-13T11:22:25.449Z,2026-07-13T11:22:25.449Z,2026-07-13T11:22:25.449Z,0,2026-07-13T11:22:25.590Z,0xf9cfd0aa53553c9fe8b3b6ded81d6733703071d253228aa86c935d8ef6a6ef13,2026-07-13T11:22:29.854Z,success,38847,1000,6378541,0xa20e0874d0dae213c5647ca2ba8fcc316a163cad56df9059cf9d0b19c3b95085,2026-07-13T11:22:29.854Z,4264,4264,4405,90,Trusted,2026-07-13T11:22:25.250Z,0xa4c1f5d91cfd62d15cc2267efd8cf6b8fe22272b55f1644fb5012bb828a45a47,,variant-batch live execution
datm-live-2026-07-13T11-22-25-113Z,B,entity-04-normal,normal,1,2026-07-13T11:22:25.450Z,2026-07-13T11:22:25.450Z,2026-07-13T11:22:25.450Z,0,2026-07-13T11:22:25.616Z,0x461d7a6949785989e900704a06470ee0886b2ae5fdfd424badf473a3fa88374f,2026-07-13T11:22:29.854Z,success,38847,1000,6378541,0xa20e0874d0dae213c5647ca2ba8fcc316a163cad56df9059cf9d0b19c3b95085,2026-07-13T11:22:29.854Z,4238,4238,4404,89,Trusted,2026-07-13T11:22:25.250Z,0x797646cc58509bab67fccabcfee9089bfd36aa8760e440b07fcb60bfcb3a24d9,,variant-batch live execution
datm-live-2026-07-13T11-22-25-113Z,B,entity-05-suspicious,suspicious,1,2026-07-13T11:22:25.450Z,2026-07-13T11:22:25.450Z,2026-07-13T11:22:25.450Z,0,2026-07-13T11:22:25.616Z,0xc78caf9f494443539d0d93d531934643ae302207d22535506aa6b23799751d33,2026-07-13T11:22:29.854Z,success,38855,1000,6378541,0xa20e0874d0dae213c5647ca2ba8fcc316a163cad56df9059cf9d0b19c3b95085,2026-07-13T11:22:29.854Z,4238,4238,4404,63,Suspicious,2026-07-13T11:22:25.250Z,0x79ef406a275d003b31b30a2363e6abecc9cd0f1a1c37ac799f605143e20b4b05,,variant-batch live execution
datm-live-2026-07-13T11-22-25-113Z,B,entity-06-suspicious,suspicious,1,2026-07-13T11:22:25.451Z,2026-07-13T11:22:25.451Z,2026-07-13T11:22:25.451Z,0,2026-07-13T11:22:25.617Z,0xbc7b73eab540f03406803ccb8556fb16b4380f8d2e6dcfe519a0e0b54aef4a3a,2026-07-13T11:22:29.842Z,success,38867,1000,6378541,0xa20e0874d0dae213c5647ca2ba8fcc316a163cad56df9059cf9d0b19c3b95085,2026-07-13T11:22:29.842Z,4225,4225,4391,60,Suspicious,2026-07-13T11:22:25.250Z,0x3bc3ba6502071f44adadcdf47f1dc0364636f5c52d71235997f30fa597a0e42e,,variant-batch live execution
datm-live-2026-07-13T11-22-25-113Z,B,entity-01-normal,normal,2,2026-07-13T11:22:34.983Z,2026-07-13T11:22:34.983Z,2026-07-13T11:22:34.983Z,0,2026-07-13T11:22:35.117Z,0x6396c57b77f1db41669c5b43561bea59a20aaf653eded74f28db1cf13cdbf22c,2026-07-13T11:22:39.382Z,success,38835,1000,6378543,0x0f3c2c899b3b1c67fe704babe43fbe1c0ada511257c6f2d9dcb4e5e21fc1b0a4,2026-07-13T11:22:39.382Z,4265,4265,4399,93,Trusted,2026-07-13T11:22:35.250Z,0x9f3a90c3796e6f4144f13ba7d6c47a7cdc3eb6584d00b01f8e9166c5e72e52f7,,variant-batch live execution
datm-live-2026-07-13T11-22-25-113Z,B,entity-02-normal,normal,2,2026-07-13T11:22:34.984Z,2026-07-13T11:22:34.984Z,2026-07-13T11:22:34.984Z,0,2026-07-13T11:22:35.152Z,0x1bfcbfa15ef21cbf241cf19d502fba30b5ae506d4ba8da63d17cd4dda89a6898,2026-07-13T11:22:39.386Z,success,38847,1000,6378543,0x0f3c2c899b3b1c67fe704babe43fbe1c0ada511257c6f2d9dcb4e5e21fc1b0a4,2026-07-13T11:22:39.386Z,4234,4234,4402,93,Trusted,2026-07-13T11:22:35.250Z,0x6d57f9a54bd746c71abbbe4665bd50eab817d8f305750a6a978e590be7bcb563,,variant-batch live execution
datm-live-2026-07-13T11-22-25-113Z,B,entity-03-normal,normal,2,2026-07-13T11:22:34.985Z,2026-07-13T11:22:34.985Z,2026-07-13T11:22:34.985Z,0,2026-07-13T11:22:35.152Z,0xaafecce16f104ff746285693d565aff38c7255e0d3acb2d654d2364906ce2fe8,2026-07-13T11:22:39.389Z,success,38847,1000,6378543,0x0f3c2c899b3b1c67fe704babe43fbe1c0ada511257c6f2d9dcb4e5e21fc1b0a4,2026-07-13T11:22:39.389Z,4237,4237,4404,91,Trusted,2026-07-13T11:22:35.250Z,0xabffaf568653afd59b016c77019c93d8e2c2658a6ce9ecb43166874deefb34cf,,variant-batch live execution
datm-live-2026-07-13T11-22-25-113Z,B,entity-04-normal,normal,2,2026-07-13T11:22:34.986Z,2026-07-13T11:22:34.986Z,2026-07-13T11:22:34.986Z,0,2026-07-13T11:22:35.153Z,0x9fb29948958c38e633858b16ef53328e97f5b3d5096125e6499b0bcef2202cee,2026-07-13T11:22:39.388Z,success,38847,1000,6378543,0x0f3c2c899b3b1c67fe704babe43fbe1c0ada511257c6f2d9dcb4e5e21fc1b0a4,2026-07-13T11:22:39.388Z,4235,4235,4402,93,Trusted,2026-07-13T11:22:35.250Z,0x77eafcccc9d4d4517cddafe7ef38ac5a06a027277ea811d56a2bad668abceec1,,variant-batch live execution
datm-live-2026-07-13T11-22-25-113Z,B,entity-05-suspicious,suspicious,2,2026-07-13T11:22:34.988Z,2026-07-13T11:22:34.988Z,2026-07-13T11:22:34.988Z,0,2026-07-13T11:22:35.153Z,0xc624dfc4144ac345082a2ba4bbc75f9684e508fe3f01e0964544a225618e9414,2026-07-13T11:22:39.409Z,success,38855,1000,6378543,0x0f3c2c899b3b1c67fe704babe43fbe1c0ada511257c6f2d9dcb4e5e21fc1b0a4,2026-07-13T11:22:39.409Z,4256,4256,4421,60,Suspicious,2026-07-13T11:22:35.250Z,0xf31d001dc1554de1ecfa1d5d9bad423ca8d37dbbad4fdaee2b082e20b5c03834,,variant-batch live execution
datm-live-2026-07-13T11-22-25-113Z,B,entity-06-suspicious,suspicious,2,2026-07-13T11:22:34.989Z,2026-07-13T11:22:34.989Z,2026-07-13T11:22:34.989Z,0,2026-07-13T11:22:35.153Z,0x2ba070311cf8fd1a3618efe7e2a55fe35babfbc9a53026f8b228a0d64a91af80,2026-07-13T11:22:39.389Z,success,38867,1000,6378543,0x0f3c2c899b3b1c67fe704babe43fbe1c0ada511257c6f2d9dcb4e5e21fc1b0a4,2026-07-13T11:22:39.389Z,4236,4236,4400,60,Suspicious,2026-07-13T11:22:35.250Z,0x0915c733cb679605492988b7612269675a0c8d6fbb14507b20bf0667255158d8,,variant-batch live execution
datm-live-2026-07-13T11-22-25-113Z,B,entity-01-normal,normal,3,2026-07-13T11:22:44.543Z,2026-07-13T11:22:44.543Z,2026-07-13T11:22:44.543Z,0,2026-07-13T11:22:44.684Z,0xf3e1c95a7937b400331fa5ae12f5f46fda034c90ee360027648b07fc1a0a4ae4,2026-07-13T11:22:52.977Z,success,38835,1000,6378545,0xe6bc787bcd73c95c3e842fcc1e98bc8b4536d028c9b609a3f04e6605a24ce764,2026-07-13T11:22:52.977Z,8293,8293,8434,93,Trusted,2026-07-13T11:22:45.250Z,0xac7bba9b56a7c121303b6543b4ba62a6b465e6e738783c62f728dc3d29097700,,variant-batch live execution
datm-live-2026-07-13T11-22-25-113Z,B,entity-02-normal,normal,3,2026-07-13T11:22:44.546Z,2026-07-13T11:22:44.546Z,2026-07-13T11:22:44.546Z,0,2026-07-13T11:22:44.684Z,0xd6b8299dfd4781acd0718299dcb4c6770193315c07f29cd4211c65aa01b3b249,2026-07-13T11:22:52.975Z,success,38847,1000,6378545,0xe6bc787bcd73c95c3e842fcc1e98bc8b4536d028c9b609a3f04e6605a24ce764,2026-07-13T11:22:52.975Z,8291,8291,8429,92,Trusted,2026-07-13T11:22:45.250Z,0xf615043d27f75aa48a41055a5e7c3bae1539681c32df36e7a71a88d536df85e1,,variant-batch live execution
datm-live-2026-07-13T11-22-25-113Z,B,entity-03-normal,normal,3,2026-07-13T11:22:44.546Z,2026-07-13T11:22:44.546Z,2026-07-13T11:22:44.546Z,0,2026-07-13T11:22:44.713Z,0x8ff271dd09f0123328233df5750fa68ccc5bf1af48675beab06df902f7a04063,2026-07-13T11:22:52.998Z,success,38847,1000,6378545,0xe6bc787bcd73c95c3e842fcc1e98bc8b4536d028c9b609a3f04e6605a24ce764,2026-07-13T11:22:52.998Z,8285,8285,8452,93,Trusted,2026-07-13T11:22:45.250Z,0xd45a4f8611368a51dd55c13c61a72e3dd64b6568a7a3151d353c755d6f14ee6a,,variant-batch live execution
datm-live-2026-07-13T11-22-25-113Z,B,entity-04-normal,normal,3,2026-07-13T11:22:44.547Z,2026-07-13T11:22:44.547Z,2026-07-13T11:22:44.547Z,0,2026-07-13T11:22:44.713Z,0xad066a4322d253eb4d537795039766b77e36dc4431d7a048542fc5091de6bb40,2026-07-13T11:22:52.975Z,success,38847,1000,6378545,0xe6bc787bcd73c95c3e842fcc1e98bc8b4536d028c9b609a3f04e6605a24ce764,2026-07-13T11:22:52.975Z,8262,8262,8428,93,Trusted,2026-07-13T11:22:45.250Z,0xbf439e4ff3c103ace229cd7a69e6a1a4f95f7772e558461a8bd7c857e23df136,,variant-batch live execution
datm-live-2026-07-13T11-22-25-113Z,B,entity-05-suspicious,suspicious,3,2026-07-13T11:22:44.548Z,2026-07-13T11:22:44.548Z,2026-07-13T11:22:44.548Z,0,2026-07-13T11:22:44.714Z,0xfd2e0e34bd417166c1fdc5fdf10eeaaa07512cc418b046f9e29bf428a7da2612,2026-07-13T11:22:52.961Z,success,38867,1000,6378545,0xe6bc787bcd73c95c3e842fcc1e98bc8b4536d028c9b609a3f04e6605a24ce764,2026-07-13T11:22:52.961Z,8247,8247,8413,60,Suspicious,2026-07-13T11:22:45.250Z,0xc23a6cc29b63476de62bb6e18722040bfc38928bed63a3820394cfaf07b5e3d0,,variant-batch live execution
datm-live-2026-07-13T11-22-25-113Z,B,entity-06-suspicious,suspicious,3,2026-07-13T11:22:44.550Z,2026-07-13T11:22:44.550Z,2026-07-13T11:22:44.550Z,0,2026-07-13T11:22:44.714Z,0x855d720d212a21ab63b18b9da9ed1e92ef4812ae7f4050720a8aab467158d894,2026-07-13T11:22:52.933Z,success,38867,1000,6378545,0xe6bc787bcd73c95c3e842fcc1e98bc8b4536d028c9b609a3f04e6605a24ce764,2026-07-13T11:22:52.933Z,8219,8219,8383,64,Suspicious,2026-07-13T11:22:45.250Z,0x5027066e3be96032469140aabcc830cc25022d4461a042f68dcbb91b5966529d,,variant-batch live execution
datm-live-2026-07-13T11-22-25-113Z,B,entity-01-normal,normal,4,2026-07-13T11:22:58.110Z,2026-07-13T11:22:58.110Z,2026-07-13T11:22:58.110Z,0,2026-07-13T11:22:58.218Z,0xc0837630a6d19b7d602dca318fe507b6013093ea63e3f9a18016384049ea4541,2026-07-13T11:23:02.492Z,success,38847,1000,6378547,0x3b1b01948e253017c6ddeb50799e96f7e302fbae7d8b3739413ec859fa8788a9,2026-07-13T11:23:02.492Z,4274,4274,4382,91,Trusted,2026-07-13T11:22:55.250Z,0xb55f1277b567e0dca95b195de924f92199ecb2a18968362a532ad7e1dc4edbc5,,variant-batch live execution
datm-live-2026-07-13T11-22-25-113Z,B,entity-02-normal,normal,4,2026-07-13T11:22:58.111Z,2026-07-13T11:22:58.111Z,2026-07-13T11:22:58.111Z,0,2026-07-13T11:22:58.256Z,0x5f27e7db97c20765864927d8487a2c8aa097100882ee4ba882e703fe9c4868e3,2026-07-13T11:23:02.495Z,success,38847,1000,6378547,0x3b1b01948e253017c6ddeb50799e96f7e302fbae7d8b3739413ec859fa8788a9,2026-07-13T11:23:02.495Z,4239,4239,4384,93,Trusted,2026-07-13T11:22:55.250Z,0x7339121eb8e754fc8befba69eca0394e59089686b156f9c5ec0edb49a4bbeb23,,variant-batch live execution
datm-live-2026-07-13T11-22-25-113Z,B,entity-03-normal,normal,4,2026-07-13T11:22:58.112Z,2026-07-13T11:22:58.112Z,2026-07-13T11:22:58.112Z,0,2026-07-13T11:22:58.256Z,0x6cd1609dbdd4a93e0b7fb4a85699ebf30f55ae3ddc3c902facb2df6c5af262e3,2026-07-13T11:23:02.496Z,success,38847,1000,6378547,0x3b1b01948e253017c6ddeb50799e96f7e302fbae7d8b3739413ec859fa8788a9,2026-07-13T11:23:02.496Z,4240,4240,4384,93,Trusted,2026-07-13T11:22:55.250Z,0xcc586edfedfe617ebc8026106d795cc75c0a01ae6101c71a6cc33845a845f0d2,,variant-batch live execution
datm-live-2026-07-13T11-22-25-113Z,B,entity-04-normal,normal,4,2026-07-13T11:22:58.112Z,2026-07-13T11:22:58.112Z,2026-07-13T11:22:58.112Z,0,2026-07-13T11:22:58.256Z,0x8e64e218c214c6a98be6169fa81ff0e7692d49902a7deb340ac3fa9e682f89fb,2026-07-13T11:23:02.488Z,success,38847,1000,6378547,0x3b1b01948e253017c6ddeb50799e96f7e302fbae7d8b3739413ec859fa8788a9,2026-07-13T11:23:02.488Z,4232,4232,4376,91,Trusted,2026-07-13T11:22:55.250Z,0x16ae6d33724e75a960096cf6090deba9cfc194cb4ba866a3dc4a16334b24fe56,,variant-batch live execution
datm-live-2026-07-13T11-22-25-113Z,B,entity-05-suspicious,suspicious,4,2026-07-13T11:22:58.112Z,2026-07-13T11:22:58.112Z,2026-07-13T11:22:58.112Z,0,2026-07-13T11:22:58.257Z,0x1ca503f222e5b3a58b2f0432b9b5b739373d44b3f66c97265cb73e6b43cac5b0,2026-07-13T11:23:02.496Z,success,38867,1000,6378547,0x3b1b01948e253017c6ddeb50799e96f7e302fbae7d8b3739413ec859fa8788a9,2026-07-13T11:23:02.496Z,4239,4239,4384,64,Suspicious,2026-07-13T11:22:55.250Z,0x7c36ca8ed50b5a0524da660a9ca118eea765d70242f61851aff2a576bd19610c,,variant-batch live execution
datm-live-2026-07-13T11-22-25-113Z,B,entity-06-suspicious,suspicious,4,2026-07-13T11:22:58.113Z,2026-07-13T11:22:58.113Z,2026-07-13T11:22:58.113Z,0,2026-07-13T11:22:58.257Z,0x1271ec627e15caecd2a78e65aa46cbed1ba92037dfbf54a4d75d1ac4d92e101a,2026-07-13T11:23:02.527Z,success,38867,1000,6378547,0x3b1b01948e253017c6ddeb50799e96f7e302fbae7d8b3739413ec859fa8788a9,2026-07-13T11:23:02.527Z,4270,4270,4414,61,Suspicious,2026-07-13T11:22:55.250Z,0xfde8bae8237ba8caf6e062ccd49dd0f66f61319934c865955e77399b246bada5,,variant-batch live execution
datm-live-2026-07-13T11-22-25-113Z,B,entity-01-normal,normal,5,2026-07-13T11:23:07.660Z,2026-07-13T11:23:07.660Z,2026-07-13T11:23:07.660Z,0,2026-07-13T11:23:07.771Z,0x0ebcc4ba3f6924e521eca0a6e65684878d83a48960f4d04f5d25ff6641f6199e,2026-07-13T11:23:12.024Z,success,38847,1000,6378549,0x6e619b5d89225d0348631bc0d51d6bba7d657271f5f6755a1b003f7aa532353f,2026-07-13T11:23:12.024Z,4253,4253,4364,93,Trusted,2026-07-13T11:23:05.250Z,0x61d5e8741de2e0aa0beeb471139eca6c0e363210097c5b248efbb11e74aa5510,,variant-batch live execution
datm-live-2026-07-13T11-22-25-113Z,B,entity-02-normal,normal,5,2026-07-13T11:23:07.661Z,2026-07-13T11:23:07.661Z,2026-07-13T11:23:07.661Z,0,2026-07-13T11:23:07.771Z,0xb84e83ba13b4a7a9e33a4eb19d92244055f5ebb60662df4434fe2d4bb40373a8,2026-07-13T11:23:12.051Z,success,38847,1000,6378549,0x6e619b5d89225d0348631bc0d51d6bba7d657271f5f6755a1b003f7aa532353f,2026-07-13T11:23:12.051Z,4280,4280,4390,93,Trusted,2026-07-13T11:23:05.250Z,0x47907c736820640cf578f1c8d9ad74d0f93f0d8aaf4456d33e76adfcc4ac60c9,,variant-batch live execution
datm-live-2026-07-13T11-22-25-113Z,B,entity-03-normal,normal,5,2026-07-13T11:23:07.661Z,2026-07-13T11:23:07.661Z,2026-07-13T11:23:07.661Z,0,2026-07-13T11:23:07.801Z,0x4d8df5fa612eff17ca80b4100ea39edf040689c1f331732f7958876d7d3329e0,2026-07-13T11:23:12.029Z,success,38835,1000,6378549,0x6e619b5d89225d0348631bc0d51d6bba7d657271f5f6755a1b003f7aa532353f,2026-07-13T11:23:12.029Z,4228,4228,4368,92,Trusted,2026-07-13T11:23:05.250Z,0x8de5b85c3dcd5afba375b2e93d8b21a9c317c4dfad3000afdd3592205dff2e39,,variant-batch live execution
datm-live-2026-07-13T11-22-25-113Z,B,entity-04-normal,normal,5,2026-07-13T11:23:07.662Z,2026-07-13T11:23:07.662Z,2026-07-13T11:23:07.662Z,0,2026-07-13T11:23:07.801Z,0xd6894394fe3b534bf2ac21bffbb37edfe490e65761276a626bb9ee1eabb478a2,2026-07-13T11:23:12.030Z,success,38847,1000,6378549,0x6e619b5d89225d0348631bc0d51d6bba7d657271f5f6755a1b003f7aa532353f,2026-07-13T11:23:12.030Z,4229,4229,4368,93,Trusted,2026-07-13T11:23:05.250Z,0x8b55a77bf8a6d9878ff13c5418d904750fd033db41b465439f9a1a568eb9682d,,variant-batch live execution
datm-live-2026-07-13T11-22-25-113Z,B,entity-05-suspicious,suspicious,5,2026-07-13T11:23:07.662Z,2026-07-13T11:23:07.662Z,2026-07-13T11:23:07.662Z,0,2026-07-13T11:23:07.801Z,0xfc319edf2d333cb45945d0a65a667e51dd3aca4c18cdd9c1c6919f575eaa7567,2026-07-13T11:23:12.030Z,success,38867,1000,6378549,0x6e619b5d89225d0348631bc0d51d6bba7d657271f5f6755a1b003f7aa532353f,2026-07-13T11:23:12.030Z,4229,4229,4368,61,Suspicious,2026-07-13T11:23:05.250Z,0x40b0726309873e4db62f2c7d75783c3d1836f6fe0720b2f8418dcac618e5a3a3,,variant-batch live execution
datm-live-2026-07-13T11-22-25-113Z,B,entity-06-suspicious,suspicious,5,2026-07-13T11:23:07.662Z,2026-07-13T11:23:07.662Z,2026-07-13T11:23:07.662Z,0,2026-07-13T11:23:07.801Z,0x90760e556b17a80a401f5b170e2bbf3915a4a6db6254e0e693fe93e02f80cf6f,2026-07-13T11:23:12.030Z,success,38867,1000,6378549,0x6e619b5d89225d0348631bc0d51d6bba7d657271f5f6755a1b003f7aa532353f,2026-07-13T11:23:12.030Z,4229,4229,4368,59,Suspicious,2026-07-13T11:23:05.250Z,0x9e625ac46525377061a9beee468f4060e93bde75aaf82640cadc4641dd400dc3,,variant-batch live execution
datm-live-2026-07-13T11-22-25-113Z,B,entity-01-normal,normal,6,2026-07-13T11:23:17.183Z,2026-07-13T11:23:17.183Z,2026-07-13T11:23:17.183Z,0,2026-07-13T11:23:17.311Z,0x988d7be38b72d066f3bb36171a97027f22c7d54316a829adf3f37d0c4e3dc3a0,2026-07-13T11:23:21.574Z,success,38835,1000,6378551,0x4f3d08b125e9f0deef2fe5727aacc81679e9615069b5fefecae2e68bc95b89b9,2026-07-13T11:23:21.574Z,4263,4263,4391,93,Trusted,2026-07-13T11:23:15.250Z,0x87327ab7125862b9795cb2009dc06f7c09ee46b983f35117cc8c6d1626dff38d,,variant-batch live execution
datm-live-2026-07-13T11-22-25-113Z,B,entity-02-normal,normal,6,2026-07-13T11:23:17.184Z,2026-07-13T11:23:17.184Z,2026-07-13T11:23:17.184Z,0,2026-07-13T11:23:17.311Z,0x05e4eb44d63a96837c16bdcf1f05a7ed9a455adb2b3cb8055c0511a7d8abe798,2026-07-13T11:23:21.565Z,success,38847,1000,6378551,0x4f3d08b125e9f0deef2fe5727aacc81679e9615069b5fefecae2e68bc95b89b9,2026-07-13T11:23:21.565Z,4254,4254,4381,92,Trusted,2026-07-13T11:23:15.250Z,0x9785f50ec21b6fbf233f5c0e0bf4756b7c199e5e38b9e7787a93babbe84769a1,,variant-batch live execution
datm-live-2026-07-13T11-22-25-113Z,B,entity-03-normal,normal,6,2026-07-13T11:23:17.185Z,2026-07-13T11:23:17.185Z,2026-07-13T11:23:17.185Z,0,2026-07-13T11:23:17.341Z,0x9571811015ce6ad0ed7835ed6f9238c226c3cc49f5af72bd94d22f745966075a,2026-07-13T11:23:21.570Z,success,38847,1000,6378551,0x4f3d08b125e9f0deef2fe5727aacc81679e9615069b5fefecae2e68bc95b89b9,2026-07-13T11:23:21.570Z,4229,4229,4385,93,Trusted,2026-07-13T11:23:15.250Z,0xa8db147f0e2c1b4320a3ef148fd3f36cc7436af45b983b977bf4abfda83577cb,,variant-batch live execution
datm-live-2026-07-13T11-22-25-113Z,B,entity-04-normal,normal,6,2026-07-13T11:23:17.186Z,2026-07-13T11:23:17.186Z,2026-07-13T11:23:17.186Z,0,2026-07-13T11:23:17.342Z,0x43d020e9d01caf476e761669a3bec50cbba5c2074e379e8ce0c97870f6dd2340,2026-07-13T11:23:21.574Z,success,38847,1000,6378551,0x4f3d08b125e9f0deef2fe5727aacc81679e9615069b5fefecae2e68bc95b89b9,2026-07-13T11:23:21.574Z,4232,4232,4388,93,Trusted,2026-07-13T11:23:15.250Z,0xbd40f2099201ebee5cb2d1b4f79c81fb78f7fad613b2636c59dba510ba26c94d,,variant-batch live execution
datm-live-2026-07-13T11-22-25-113Z,B,entity-05-suspicious,suspicious,6,2026-07-13T11:23:17.186Z,2026-07-13T11:23:17.186Z,2026-07-13T11:23:17.186Z,0,2026-07-13T11:23:17.342Z,0xc032fd6154b7f7bd236edc5bfeaf57fe8982005ff5fece2305575e99965f9a5a,2026-07-13T11:23:21.600Z,success,38867,1000,6378551,0x4f3d08b125e9f0deef2fe5727aacc81679e9615069b5fefecae2e68bc95b89b9,2026-07-13T11:23:21.600Z,4258,4258,4414,59,Suspicious,2026-07-13T11:23:15.250Z,0x0b7a8ea17eaff6f501895f8d9d19166dece0499601108f0505783a88d3b698eb,,variant-batch live execution
datm-live-2026-07-13T11-22-25-113Z,B,entity-06-suspicious,suspicious,6,2026-07-13T11:23:17.187Z,2026-07-13T11:23:17.187Z,2026-07-13T11:23:17.187Z,0,2026-07-13T11:23:17.342Z,0x4b176e02e7d5c0cd1309eb643697a88c80e324dedd42357e18078e41fc94d4b2,2026-07-13T11:23:21.572Z,success,38867,1000,6378551,0x4f3d08b125e9f0deef2fe5727aacc81679e9615069b5fefecae2e68bc95b89b9,2026-07-13T11:23:21.572Z,4230,4230,4385,60,Suspicious,2026-07-13T11:23:15.250Z,0x99dc82dac65aad325b2ac47ec2651780230a43fe954e906940e90716fb88766b,,variant-batch live execution
datm-live-2026-07-13T11-22-25-113Z,B,entity-01-normal,normal,7,2026-07-13T11:23:26.762Z,2026-07-13T11:23:26.762Z,2026-07-13T11:23:26.762Z,0,2026-07-13T11:23:26.883Z,0xdd97d94cffa372545f5351c9638e446004a27551e8c6aab66fbfdaa5d01db3b1,2026-07-13T11:23:31.153Z,success,38835,1000,6378553,0xcc5ee9bed6437d5ce599b1cd441b6b455916933bec2e440605dafa14f6f4ecd1,2026-07-13T11:23:31.153Z,4270,4270,4391,92,Trusted,2026-07-13T11:23:25.250Z,0x1f82efc2747363af83412e4e53f41f7f2e0c1549799c009807891564a1906716,,variant-batch live execution
datm-live-2026-07-13T11-22-25-113Z,B,entity-02-normal,normal,7,2026-07-13T11:23:26.763Z,2026-07-13T11:23:26.763Z,2026-07-13T11:23:26.763Z,0,2026-07-13T11:23:26.884Z,0x28e3446af9d937e3fedd0931780dbff8001c6d47b018bc90528aed85e2325ee8,2026-07-13T11:23:31.154Z,success,38847,1000,6378553,0xcc5ee9bed6437d5ce599b1cd441b6b455916933bec2e440605dafa14f6f4ecd1,2026-07-13T11:23:31.154Z,4270,4270,4391,93,Trusted,2026-07-13T11:23:25.250Z,0x87fe0995a5cc167656ca2c73a1da367bad0dc8f38dd22a1ec3c5f2b40c348235,,variant-batch live execution
datm-live-2026-07-13T11-22-25-113Z,B,entity-03-normal,normal,7,2026-07-13T11:23:26.764Z,2026-07-13T11:23:26.764Z,2026-07-13T11:23:26.764Z,0,2026-07-13T11:23:26.910Z,0x5e61bd21aa157dd489d2ab6c0bc977e5f5e1d686df5b4f2637fdddc9d43f449c,2026-07-13T11:23:31.154Z,success,38847,1000,6378553,0xcc5ee9bed6437d5ce599b1cd441b6b455916933bec2e440605dafa14f6f4ecd1,2026-07-13T11:23:31.154Z,4244,4244,4390,93,Trusted,2026-07-13T11:23:25.250Z,0x5fd48076f44206daa5bb1eaceb13e76e80379aebcc5753a54ba2daaeadb4f8f5,,variant-batch live execution
datm-live-2026-07-13T11-22-25-113Z,B,entity-04-normal,normal,7,2026-07-13T11:23:26.764Z,2026-07-13T11:23:26.764Z,2026-07-13T11:23:26.764Z,0,2026-07-13T11:23:26.910Z,0x1ebed2cd153cfe57497f8f82746b53575aae95c0cf80c3aa725e850a69c877fb,2026-07-13T11:23:31.154Z,success,38847,1000,6378553,0xcc5ee9bed6437d5ce599b1cd441b6b455916933bec2e440605dafa14f6f4ecd1,2026-07-13T11:23:31.154Z,4244,4244,4390,92,Trusted,2026-07-13T11:23:25.250Z,0xc8b26defeaafbdb3670d9ba4a5e90b60f4c8181bb91d7d62360450c69381b1aa,,variant-batch live execution
datm-live-2026-07-13T11-22-25-113Z,B,entity-05-suspicious,suspicious,7,2026-07-13T11:23:26.765Z,2026-07-13T11:23:26.765Z,2026-07-13T11:23:26.765Z,0,2026-07-13T11:23:26.911Z,0x3bb25862aa5c355c63dbceab2f6ce300c49786087b368ac069b0079a0a2314a3,2026-07-13T11:23:31.181Z,success,38855,1000,6378553,0xcc5ee9bed6437d5ce599b1cd441b6b455916933bec2e440605dafa14f6f4ecd1,2026-07-13T11:23:31.181Z,4270,4270,4416,60,Suspicious,2026-07-13T11:23:25.250Z,0x19dba7db353cffb3056cdb0a25540e5b96817041f8b85520a900481bea0f61e5,,variant-batch live execution
datm-live-2026-07-13T11-22-25-113Z,B,entity-06-suspicious,suspicious,7,2026-07-13T11:23:26.765Z,2026-07-13T11:23:26.765Z,2026-07-13T11:23:26.765Z,0,2026-07-13T11:23:26.911Z,0x3bcf2a9baaf0627e74ed13c129f360f498dca1d80656dc9c0428b830b4cd7a9c,2026-07-13T11:23:31.154Z,success,38867,1000,6378553,0xcc5ee9bed6437d5ce599b1cd441b6b455916933bec2e440605dafa14f6f4ecd1,2026-07-13T11:23:31.154Z,4243,4243,4389,62,Suspicious,2026-07-13T11:23:25.250Z,0xf94ec08e3db3f347aca6c870fadf6384537cea93627fdef3cf49e5db9c8152bc,,variant-batch live execution
datm-live-2026-07-13T11-22-25-113Z,B,entity-01-normal,normal,8,2026-07-13T11:23:36.311Z,2026-07-13T11:23:36.311Z,2026-07-13T11:23:36.311Z,0,2026-07-13T11:23:36.432Z,0xa69adc32cea9416007526c7f544fb26cf0eca6a5f959cc0acceee7b3fd8c30b9,2026-07-13T11:23:40.691Z,success,38835,1000,6378555,0x886609d8dd4b1f5c861272d3b59c779013fc6b3a98f00f5e92894963fed12133,2026-07-13T11:23:40.691Z,4259,4259,4380,93,Trusted,2026-07-13T11:23:35.250Z,0xb5db0163578b7bd479402da38aa8da92dedabf9adf71e55e00d37e416bdf3aa3,,variant-batch live execution
datm-live-2026-07-13T11-22-25-113Z,B,entity-02-normal,normal,8,2026-07-13T11:23:36.312Z,2026-07-13T11:23:36.312Z,2026-07-13T11:23:36.312Z,0,2026-07-13T11:23:36.433Z,0x0cbe4c5cef923368b6c6a562d3f9b2570c981bd23075924ac9308e6d3930a040,2026-07-13T11:23:40.703Z,success,38847,1000,6378555,0x886609d8dd4b1f5c861272d3b59c779013fc6b3a98f00f5e92894963fed12133,2026-07-13T11:23:40.703Z,4270,4270,4391,93,Trusted,2026-07-13T11:23:35.250Z,0xe7df3e57f328ba25e5f3063120caed6f375c7960942e7c84d863499bc3b9ce77,,variant-batch live execution
datm-live-2026-07-13T11-22-25-113Z,B,entity-03-normal,normal,8,2026-07-13T11:23:36.313Z,2026-07-13T11:23:36.313Z,2026-07-13T11:23:36.313Z,0,2026-07-13T11:23:36.433Z,0x162f87fa31e71f7c98d95b1cdff1574b6234f5a77eb6c10107513e3426683bd3,2026-07-13T11:23:40.693Z,success,38847,1000,6378555,0x886609d8dd4b1f5c861272d3b59c779013fc6b3a98f00f5e92894963fed12133,2026-07-13T11:23:40.693Z,4260,4260,4380,91,Trusted,2026-07-13T11:23:35.250Z,0xd75ae7a0f9b9a00a31174d4a7b70073ac226f45627ac54288942f5ad0a6b0f5a,,variant-batch live execution
datm-live-2026-07-13T11-22-25-113Z,B,entity-04-normal,normal,8,2026-07-13T11:23:36.313Z,2026-07-13T11:23:36.313Z,2026-07-13T11:23:36.313Z,0,2026-07-13T11:23:36.433Z,0xca7177ad9a3fa60821974186da0cda171bbb33150acaf67322ce3dfadb21d43a,2026-07-13T11:23:40.696Z,success,38835,1000,6378555,0x886609d8dd4b1f5c861272d3b59c779013fc6b3a98f00f5e92894963fed12133,2026-07-13T11:23:40.696Z,4263,4263,4383,93,Trusted,2026-07-13T11:23:35.250Z,0x2e7232a3e70a1c201637b4e4f4427b66b5d6e3a95c6ef392090067f45f76afc0,,variant-batch live execution
datm-live-2026-07-13T11-22-25-113Z,B,entity-05-suspicious,suspicious,8,2026-07-13T11:23:36.314Z,2026-07-13T11:23:36.314Z,2026-07-13T11:23:36.314Z,0,2026-07-13T11:23:36.461Z,0x2031877d75e9b70672a0385049eed330b20cbb98249a601b9f45398b74d8a005,2026-07-13T11:23:40.719Z,success,38855,1000,6378555,0x886609d8dd4b1f5c861272d3b59c779013fc6b3a98f00f5e92894963fed12133,2026-07-13T11:23:40.719Z,4258,4258,4405,62,Suspicious,2026-07-13T11:23:35.250Z,0x73d414c93122f33c052d7878ba6984002aa912124b094d1b803e4c0568acbe6a,,variant-batch live execution
datm-live-2026-07-13T11-22-25-113Z,B,entity-06-suspicious,suspicious,8,2026-07-13T11:23:36.314Z,2026-07-13T11:23:36.314Z,2026-07-13T11:23:36.314Z,0,2026-07-13T11:23:36.462Z,0xf8acefee6b002d7860c5c3400dc4b2fcf427924c983ca83a976116328b140f57,2026-07-13T11:23:40.694Z,success,38867,1000,6378555,0x886609d8dd4b1f5c861272d3b59c779013fc6b3a98f00f5e92894963fed12133,2026-07-13T11:23:40.694Z,4232,4232,4380,63,Suspicious,2026-07-13T11:23:35.250Z,0x2de8f901db3785b43029c914735af4261d432176d0b4a8cc6b6d74b3f4386a61,,variant-batch live execution
datm-live-2026-07-13T11-22-25-113Z,B,entity-01-normal,normal,9,2026-07-13T11:23:45.905Z,2026-07-13T11:23:45.905Z,2026-07-13T11:23:45.905Z,0,2026-07-13T11:23:46.060Z,0x39242a05283379aa423e4694265f16d6511f5b64bb443a9972515fbb17443fb0,2026-07-13T11:23:50.332Z,success,38847,1000,6378557,0xa4bcf700ff25a622e8a8f8c7345295e707441b8d3383b6f9d5a702863dabb958,2026-07-13T11:23:50.332Z,4272,4272,4427,93,Trusted,2026-07-13T11:23:45.250Z,0xda689ce910da361a170b18c3659effe74e4d766eceef6e843b084b614c4e4a05,,variant-batch live execution
datm-live-2026-07-13T11-22-25-113Z,B,entity-02-normal,normal,9,2026-07-13T11:23:45.906Z,2026-07-13T11:23:45.906Z,2026-07-13T11:23:45.906Z,0,2026-07-13T11:23:46.086Z,0x7f178578383d3dcc146e5ff14213fb20e3804725924ec19b2f7f326c858f33fe,2026-07-13T11:23:50.306Z,success,38847,1000,6378557,0xa4bcf700ff25a622e8a8f8c7345295e707441b8d3383b6f9d5a702863dabb958,2026-07-13T11:23:50.306Z,4220,4220,4400,92,Trusted,2026-07-13T11:23:45.250Z,0x48d874571605af952df7c18a5ee6b12afdb107539db2228d11ae06d74c379eae,,variant-batch live execution
datm-live-2026-07-13T11-22-25-113Z,B,entity-03-normal,normal,9,2026-07-13T11:23:45.906Z,2026-07-13T11:23:45.906Z,2026-07-13T11:23:45.906Z,0,2026-07-13T11:23:46.086Z,0x9522267dd76f4433fa3978ead06017e0a2bd02a013a03fda57e6e005f0e30ce9,2026-07-13T11:23:50.309Z,success,38847,1000,6378557,0xa4bcf700ff25a622e8a8f8c7345295e707441b8d3383b6f9d5a702863dabb958,2026-07-13T11:23:50.309Z,4223,4223,4403,93,Trusted,2026-07-13T11:23:45.250Z,0x3133a23d404bd4b075adb3b0fd9d93b97e87905acd3d4aebce4d9403638ccab1,,variant-batch live execution
datm-live-2026-07-13T11-22-25-113Z,B,entity-04-normal,normal,9,2026-07-13T11:23:45.907Z,2026-07-13T11:23:45.907Z,2026-07-13T11:23:45.907Z,0,2026-07-13T11:23:46.086Z,0xc918d52994db19a12a60cc480685e25bef9f6e21ce4c30b3dbf260093fa2e6ea,2026-07-13T11:23:50.310Z,success,38847,1000,6378557,0xa4bcf700ff25a622e8a8f8c7345295e707441b8d3383b6f9d5a702863dabb958,2026-07-13T11:23:50.310Z,4224,4224,4403,93,Trusted,2026-07-13T11:23:45.250Z,0x67f7a9031da875573bc62b6a484393dc6c94a38f19b85f5915b0f7a7fa5991a6,,variant-batch live execution
datm-live-2026-07-13T11-22-25-113Z,B,entity-05-suspicious,suspicious,9,2026-07-13T11:23:45.907Z,2026-07-13T11:23:45.907Z,2026-07-13T11:23:45.907Z,0,2026-07-13T11:23:46.087Z,0x83c57a911f7a770590593f73b4ec1d15219e13171996270c5ee0f9540ad9f450,2026-07-13T11:23:50.311Z,success,38855,1000,6378557,0xa4bcf700ff25a622e8a8f8c7345295e707441b8d3383b6f9d5a702863dabb958,2026-07-13T11:23:50.311Z,4224,4224,4404,63,Suspicious,2026-07-13T11:23:45.250Z,0x411ec780917aaeea1ff300d2a09764427b45bafa0a092a1912a9e274e71db05e,,variant-batch live execution
datm-live-2026-07-13T11-22-25-113Z,B,entity-06-suspicious,suspicious,9,2026-07-13T11:23:45.908Z,2026-07-13T11:23:45.908Z,2026-07-13T11:23:45.908Z,0,2026-07-13T11:23:46.087Z,0x28f50625bbd07e1d50c26a59158500784b940e2a0ddb7865e48c983e502a7c7d,2026-07-13T11:23:50.310Z,success,38867,1000,6378557,0xa4bcf700ff25a622e8a8f8c7345295e707441b8d3383b6f9d5a702863dabb958,2026-07-13T11:23:50.310Z,4223,4223,4402,61,Suspicious,2026-07-13T11:23:45.250Z,0xc8d76d92436504015c875811b68ee312cca253b26bee11af74273b1cb9c4e373,,variant-batch live execution
datm-live-2026-07-13T11-22-25-113Z,B,entity-01-normal,normal,10,2026-07-13T11:23:55.487Z,2026-07-13T11:23:55.487Z,2026-07-13T11:23:55.487Z,0,2026-07-13T11:23:55.602Z,0xa402698e08feb9cbd84fe70efb22422913178c974337d11562dc6840435eb4c3,2026-07-13T11:23:59.871Z,success,38847,1000,6378559,0xbeae927d3ac832d4de8ce0df81edba3a6084aa09ab9f6fb9394b080e0daeaa75,2026-07-13T11:23:59.871Z,4269,4269,4384,91,Trusted,2026-07-13T11:23:55.250Z,0x854186181bb04513ae2268ddbf88db527fa75267934b16f8f5c9311dde0dc5d2,,variant-batch live execution
datm-live-2026-07-13T11-22-25-113Z,B,entity-02-normal,normal,10,2026-07-13T11:23:55.488Z,2026-07-13T11:23:55.488Z,2026-07-13T11:23:55.488Z,0,2026-07-13T11:23:55.632Z,0x5ff0d8b715770193d2633fe92a0261396a02499784441e95403f34a4e8b01ca0,2026-07-13T11:23:59.892Z,success,38847,1000,6378559,0xbeae927d3ac832d4de8ce0df81edba3a6084aa09ab9f6fb9394b080e0daeaa75,2026-07-13T11:23:59.892Z,4260,4260,4404,93,Trusted,2026-07-13T11:23:55.250Z,0x1fa557ac05204c50b9420a7a5c84941c5179c3a6cfa7b41c5dd280ed3e52c6bf,,variant-batch live execution
datm-live-2026-07-13T11-22-25-113Z,B,entity-03-normal,normal,10,2026-07-13T11:23:55.489Z,2026-07-13T11:23:55.489Z,2026-07-13T11:23:55.489Z,0,2026-07-13T11:23:55.632Z,0x158244822292b09433dda1f11eb73c0e7f68ce2609e495e9aa72a2d1d38a7a9c,2026-07-13T11:23:59.872Z,success,38847,1000,6378559,0xbeae927d3ac832d4de8ce0df81edba3a6084aa09ab9f6fb9394b080e0daeaa75,2026-07-13T11:23:59.872Z,4240,4240,4383,93,Trusted,2026-07-13T11:23:55.250Z,0x6db81c0a6b53fd404bc2fddfce01ea4a7ba27cce360e37358d68a06acb99a9ed,,variant-batch live execution
datm-live-2026-07-13T11-22-25-113Z,B,entity-04-normal,normal,10,2026-07-13T11:23:55.489Z,2026-07-13T11:23:55.489Z,2026-07-13T11:23:55.489Z,0,2026-07-13T11:23:55.632Z,0xdd80f0d742732bc53c7ae079bedc3da073a56d6d2331c8dc68ed519688fb0246,2026-07-13T11:23:59.872Z,success,38847,1000,6378559,0xbeae927d3ac832d4de8ce0df81edba3a6084aa09ab9f6fb9394b080e0daeaa75,2026-07-13T11:23:59.872Z,4240,4240,4383,91,Trusted,2026-07-13T11:23:55.250Z,0x2baa3507acc02cf913191828116945399383a7b3caa51df4f894b49535c3a304,,variant-batch live execution
datm-live-2026-07-13T11-22-25-113Z,B,entity-05-suspicious,suspicious,10,2026-07-13T11:23:55.490Z,2026-07-13T11:23:55.490Z,2026-07-13T11:23:55.490Z,0,2026-07-13T11:23:55.632Z,0xcd7a58b437322750656c62100b43693e5f8c32dcddd7d8a364d72196b6902e49,2026-07-13T11:23:59.873Z,success,38867,1000,6378559,0xbeae927d3ac832d4de8ce0df81edba3a6084aa09ab9f6fb9394b080e0daeaa75,2026-07-13T11:23:59.873Z,4241,4241,4383,61,Suspicious,2026-07-13T11:23:55.250Z,0xc70621dfd3aa1f1e45f5455e6931eb587119b3dea0eeed23af68f143596ccdee,,variant-batch live execution
datm-live-2026-07-13T11-22-25-113Z,B,entity-06-suspicious,suspicious,10,2026-07-13T11:23:55.490Z,2026-07-13T11:23:55.490Z,2026-07-13T11:23:55.490Z,0,2026-07-13T11:23:55.633Z,0x4970f88206d7f037e5799f8564e384c3532565131f66b386fcfc8f10962a859b,2026-07-13T11:23:59.864Z,success,38867,1000,6378559,0xbeae927d3ac832d4de8ce0df81edba3a6084aa09ab9f6fb9394b080e0daeaa75,2026-07-13T11:23:59.864Z,4231,4231,4374,60,Suspicious,2026-07-13T11:23:55.250Z,0x82152fd64a43bdba7740e2bb498c43a7501fac6059528394961bddabbdfef776,,variant-batch live execution
datm-live-2026-07-13T11-22-25-113Z,B,entity-01-normal,normal,11,2026-07-13T11:24:05.017Z,2026-07-13T11:24:05.017Z,2026-07-13T11:24:05.017Z,0,2026-07-13T11:24:05.181Z,0x40b30dc014f5b3223a7d81815716ebfa9a96dba1e09c415a35bd0ef7c674f71e,2026-07-13T11:24:09.394Z,success,38835,1000,6378561,0x5ae2ad576abc45105c7a0e149fed495abbbc150c85e4f473cb838ac217bf70e6,2026-07-13T11:24:09.394Z,4213,4213,4377,92,Trusted,2026-07-13T11:24:05.250Z,0x288905007ef2c1c578a0d43eb7428e066f9ba566db101074e3a13aa16fb1c5e2,,variant-batch live execution
datm-live-2026-07-13T11-22-25-113Z,B,entity-02-normal,normal,11,2026-07-13T11:24:05.017Z,2026-07-13T11:24:05.017Z,2026-07-13T11:24:05.017Z,0,2026-07-13T11:24:05.181Z,0xe36973dd392d10a4734272f2c218e43a14ab947b4924009f942213a00e28c867,2026-07-13T11:24:09.400Z,success,38847,1000,6378561,0x5ae2ad576abc45105c7a0e149fed495abbbc150c85e4f473cb838ac217bf70e6,2026-07-13T11:24:09.400Z,4219,4219,4383,92,Trusted,2026-07-13T11:24:05.250Z,0x747027186746f594eb44100e6afb67c163f8f7c5ec6ed57b5bb7e950840e33b7,,variant-batch live execution
datm-live-2026-07-13T11-22-25-113Z,B,entity-03-normal,normal,11,2026-07-13T11:24:05.018Z,2026-07-13T11:24:05.018Z,2026-07-13T11:24:05.018Z,0,2026-07-13T11:24:05.144Z,0x1954651072489dd558f7dbd12e5d0336ac6de2c858ad535ed67845f41d340f7d,2026-07-13T11:24:09.401Z,success,38847,1000,6378561,0x5ae2ad576abc45105c7a0e149fed495abbbc150c85e4f473cb838ac217bf70e6,2026-07-13T11:24:09.401Z,4257,4257,4383,91,Trusted,2026-07-13T11:24:05.250Z,0xb939ce1491e028f5ff631ee7f5b88b1a49fd634daea447760971a27d1c88229f,,variant-batch live execution
datm-live-2026-07-13T11-22-25-113Z,B,entity-04-normal,normal,11,2026-07-13T11:24:05.018Z,2026-07-13T11:24:05.018Z,2026-07-13T11:24:05.018Z,0,2026-07-13T11:24:05.181Z,0x62dd4cc20da313dab06935e9d5b886ede430e0a1655798a53120e4e98465d894,2026-07-13T11:24:09.409Z,success,38847,1000,6378561,0x5ae2ad576abc45105c7a0e149fed495abbbc150c85e4f473cb838ac217bf70e6,2026-07-13T11:24:09.409Z,4228,4228,4391,92,Trusted,2026-07-13T11:24:05.250Z,0x4983ec7fbeb8f58caef3356b6d4637b5891e286d42f2390bfe403f6b960cdc66,,variant-batch live execution
datm-live-2026-07-13T11-22-25-113Z,B,entity-05-suspicious,suspicious,11,2026-07-13T11:24:05.018Z,2026-07-13T11:24:05.018Z,2026-07-13T11:24:05.018Z,0,2026-07-13T11:24:05.181Z,0xaacf789385f682a8c1cff3bf6727a23d1e74b8553b8c23a9cc5a857f02b1510f,2026-07-13T11:24:09.422Z,success,38867,1000,6378561,0x5ae2ad576abc45105c7a0e149fed495abbbc150c85e4f473cb838ac217bf70e6,2026-07-13T11:24:09.422Z,4241,4241,4404,60,Suspicious,2026-07-13T11:24:05.250Z,0x559e242c405dd08458663f547e200eed3df2fd5eb66f2c2785bc07c1bae94168,,variant-batch live execution
datm-live-2026-07-13T11-22-25-113Z,B,entity-06-suspicious,suspicious,11,2026-07-13T11:24:05.018Z,2026-07-13T11:24:05.018Z,2026-07-13T11:24:05.018Z,0,2026-07-13T11:24:05.182Z,0xfcb568e442ad2a11e3086df0ca481715fe774fc4865a89a54d14de3b7d72cc40,2026-07-13T11:24:09.407Z,success,38855,1000,6378561,0x5ae2ad576abc45105c7a0e149fed495abbbc150c85e4f473cb838ac217bf70e6,2026-07-13T11:24:09.407Z,4225,4225,4389,61,Suspicious,2026-07-13T11:24:05.250Z,0x72e71f1b0206a2091ef4239b5957f8f56830ed00d6b2028fbddb4058310b2733,,variant-batch live execution
datm-live-2026-07-13T11-22-25-113Z,B,entity-01-normal,normal,12,2026-07-13T11:24:14.526Z,2026-07-13T11:24:14.526Z,2026-07-13T11:24:14.526Z,0,2026-07-13T11:24:14.671Z,0xd444e1a6ddaaee11ff8be8d712db0f9e54f141ee4a95f37f3169151cf71771bf,2026-07-13T11:24:22.942Z,success,38847,1000,6378563,0x3d87a67533e6b34565be80da0e7ad912cef15232e43360bd5847efc1917f963d,2026-07-13T11:24:22.942Z,8271,8271,8416,93,Trusted,2026-07-13T11:24:15.250Z,0xeb8cc030c55df678fbf8f6cec3ee07ad2224cc2eaf954a9722ea06127629c5ae,,variant-batch live execution
datm-live-2026-07-13T11-22-25-113Z,B,entity-02-normal,normal,12,2026-07-13T11:24:14.527Z,2026-07-13T11:24:14.527Z,2026-07-13T11:24:14.527Z,0,2026-07-13T11:24:14.671Z,0x2c3bad301a1bbd66f5139d73cd6824d3c7a8b33e3f293f7262871d985647f96b,2026-07-13T11:24:22.937Z,success,38847,1000,6378563,0x3d87a67533e6b34565be80da0e7ad912cef15232e43360bd5847efc1917f963d,2026-07-13T11:24:22.937Z,8266,8266,8410,92,Trusted,2026-07-13T11:24:15.250Z,0xd8cf3a2dde94d302cd36496931d2ecadc4ddc2e79e81a918f1d5cfd44c06202b,,variant-batch live execution
datm-live-2026-07-13T11-22-25-113Z,B,entity-03-normal,normal,12,2026-07-13T11:24:14.528Z,2026-07-13T11:24:14.528Z,2026-07-13T11:24:14.528Z,0,2026-07-13T11:24:14.642Z,0x0ad48b2089b525150d17b0a4946679d44b23b6cca2873e44cdc74542daf8723c,2026-07-13T11:24:22.918Z,success,38847,1000,6378563,0x3d87a67533e6b34565be80da0e7ad912cef15232e43360bd5847efc1917f963d,2026-07-13T11:24:22.918Z,8276,8276,8390,93,Trusted,2026-07-13T11:24:15.250Z,0x2f4650e420f8ec7231905c162759a5aafc43f5df01cb9c6fbaa10d2d34157ea2,,variant-batch live execution
datm-live-2026-07-13T11-22-25-113Z,B,entity-04-normal,normal,12,2026-07-13T11:24:14.528Z,2026-07-13T11:24:14.528Z,2026-07-13T11:24:14.528Z,0,2026-07-13T11:24:14.671Z,0x0d45733addf000d263f8d77dc9c1071c38609d20fe0f5e2d76792b82c5a6dc71,2026-07-13T11:24:22.934Z,success,38847,1000,6378563,0x3d87a67533e6b34565be80da0e7ad912cef15232e43360bd5847efc1917f963d,2026-07-13T11:24:22.934Z,8263,8263,8406,93,Trusted,2026-07-13T11:24:15.250Z,0xf3e90d7a1cc8021c0c9f1a4ff4a47597460642092f4ee6cf785cc85e65f07d37,,variant-batch live execution
datm-live-2026-07-13T11-22-25-113Z,B,entity-05-suspicious,suspicious,12,2026-07-13T11:24:14.528Z,2026-07-13T11:24:14.528Z,2026-07-13T11:24:14.528Z,0,2026-07-13T11:24:14.671Z,0x731a2f48faa25bcc7089f700d6728468acdd0550c8d23cd52aa33cf7dd32205e,2026-07-13T11:24:22.902Z,success,38867,1000,6378563,0x3d87a67533e6b34565be80da0e7ad912cef15232e43360bd5847efc1917f963d,2026-07-13T11:24:22.902Z,8231,8231,8374,61,Suspicious,2026-07-13T11:24:15.250Z,0xfac4fd2cec1af0cce8740f03b0a88f609e66e08f218b061e80457dfdc9e4e63f,,variant-batch live execution
datm-live-2026-07-13T11-22-25-113Z,B,entity-06-suspicious,suspicious,12,2026-07-13T11:24:14.529Z,2026-07-13T11:24:14.529Z,2026-07-13T11:24:14.529Z,0,2026-07-13T11:24:14.672Z,0xfc4c2d55f142fef54e770e40133e6cfdfae128dca84e8ec3d1ffe364bd2dc1c0,2026-07-13T11:24:22.936Z,success,38867,1000,6378563,0x3d87a67533e6b34565be80da0e7ad912cef15232e43360bd5847efc1917f963d,2026-07-13T11:24:22.936Z,8264,8264,8407,62,Suspicious,2026-07-13T11:24:15.250Z,0xe62efb5e958fdbeafd6768eac955a33fcb8e417ce23a49e51ef68c1942760bc7,,variant-batch live execution
datm-live-2026-07-13T11-22-25-113Z,B,entity-01-normal,normal,13,2026-07-13T11:24:28.066Z,2026-07-13T11:24:28.066Z,2026-07-13T11:24:28.066Z,0,2026-07-13T11:24:28.187Z,0x5e6d1ca18ef9e35d938d521480d33a3b3c1e0642a4ce548c95338928bdbeacc5,2026-07-13T11:24:32.463Z,success,38847,1000,6378565,0x241c16b29c0c2428cd50d495b7c29ba817ea759f3bbfa616f7fa896f7662d4f3,2026-07-13T11:24:32.463Z,4276,4276,4397,92,Trusted,2026-07-13T11:24:25.250Z,0x218df87c4cc4764ee612ecc7b365f90df772faa12f88ff0e68fe3b786eb8ce14,,variant-batch live execution
datm-live-2026-07-13T11-22-25-113Z,B,entity-02-normal,normal,13,2026-07-13T11:24:28.067Z,2026-07-13T11:24:28.067Z,2026-07-13T11:24:28.067Z,0,2026-07-13T11:24:28.188Z,0x5768e673915af1c2a7974734ca15cfe39125d0bd17c07f44fd51451f59c39d26,2026-07-13T11:24:32.438Z,success,38847,1000,6378565,0x241c16b29c0c2428cd50d495b7c29ba817ea759f3bbfa616f7fa896f7662d4f3,2026-07-13T11:24:32.438Z,4250,4250,4371,93,Trusted,2026-07-13T11:24:25.250Z,0x78a9b6e254523cf272b4d2138b8090da0b6cecb0cb41b95917d76603e1eef710,,variant-batch live execution
datm-live-2026-07-13T11-22-25-113Z,B,entity-03-normal,normal,13,2026-07-13T11:24:28.068Z,2026-07-13T11:24:28.068Z,2026-07-13T11:24:28.068Z,0,2026-07-13T11:24:28.212Z,0xe17f77910c29322df36f098d083be9d4de70d2067904131e0228ca0936b57aca,2026-07-13T11:24:32.439Z,success,38847,1000,6378565,0x241c16b29c0c2428cd50d495b7c29ba817ea759f3bbfa616f7fa896f7662d4f3,2026-07-13T11:24:32.439Z,4227,4227,4371,93,Trusted,2026-07-13T11:24:25.250Z,0xa8eb836b2cd4ac670b223626cbe063afa6e72e694cafc94c764294360e222e2c,,variant-batch live execution
datm-live-2026-07-13T11-22-25-113Z,B,entity-04-normal,normal,13,2026-07-13T11:24:28.068Z,2026-07-13T11:24:28.068Z,2026-07-13T11:24:28.068Z,0,2026-07-13T11:24:28.212Z,0x48cfcf484d4bb0c78416f051b7edba0d15fd09cd9039b66ada36040bd56b3228,2026-07-13T11:24:32.441Z,success,38847,1000,6378565,0x241c16b29c0c2428cd50d495b7c29ba817ea759f3bbfa616f7fa896f7662d4f3,2026-07-13T11:24:32.441Z,4229,4229,4373,92,Trusted,2026-07-13T11:24:25.250Z,0xda8e7f589bbad4e518c4343a0d1a37e402d58a1f557a6dff4e9c7e7279723adc,,variant-batch live execution
datm-live-2026-07-13T11-22-25-113Z,B,entity-05-suspicious,suspicious,13,2026-07-13T11:24:28.069Z,2026-07-13T11:24:28.069Z,2026-07-13T11:24:28.069Z,0,2026-07-13T11:24:28.212Z,0x97d042d8fc170e0a6164a4ab0029f0d74e16f3f01f5a1e9c5d561bb81ad3fb5f,2026-07-13T11:24:32.438Z,success,38867,1000,6378565,0x241c16b29c0c2428cd50d495b7c29ba817ea759f3bbfa616f7fa896f7662d4f3,2026-07-13T11:24:32.438Z,4226,4226,4369,62,Suspicious,2026-07-13T11:24:25.250Z,0xc3951fa653b603835cacb1fc2ee34536be1f2988805ee0f48ba5a7a8a1f25f93,,variant-batch live execution
datm-live-2026-07-13T11-22-25-113Z,B,entity-06-suspicious,suspicious,13,2026-07-13T11:24:28.069Z,2026-07-13T11:24:28.069Z,2026-07-13T11:24:28.069Z,0,2026-07-13T11:24:28.213Z,0xf6c9b4610d6b11755d2f5ac04911c306dc4c926a301c0adc2bac800168e53aa6,2026-07-13T11:24:32.439Z,success,38867,1000,6378565,0x241c16b29c0c2428cd50d495b7c29ba817ea759f3bbfa616f7fa896f7662d4f3,2026-07-13T11:24:32.439Z,4226,4226,4370,61,Suspicious,2026-07-13T11:24:25.250Z,0x82779d1f4271c91cb5e08fb14a830bdfa7072a84282840084ba97223c837155d,,variant-batch live execution
datm-live-2026-07-13T11-22-25-113Z,B,entity-01-normal,normal,14,2026-07-13T11:24:37.581Z,2026-07-13T11:24:37.581Z,2026-07-13T11:24:37.581Z,0,2026-07-13T11:24:37.721Z,0x9e65e4c286a5b3d0666166547507e9c6424883bb22407d8b2d67600806988b9d,2026-07-13T11:24:41.974Z,success,38847,1000,6378567,0x5781aef65eb6a2601ad3530547d2574814468e55bd27f0b4f37ad1430b1e831a,2026-07-13T11:24:41.974Z,4253,4253,4393,92,Trusted,2026-07-13T11:24:35.250Z,0x7c03f139d88e8c21aca0c8055059391be5bd7a99d8a2434e94022e173f3ce0b7,,variant-batch live execution
datm-live-2026-07-13T11-22-25-113Z,B,entity-02-normal,normal,14,2026-07-13T11:24:37.582Z,2026-07-13T11:24:37.582Z,2026-07-13T11:24:37.582Z,0,2026-07-13T11:24:37.722Z,0xc59efce13d3c332e2ba9525350b67849bc5ba30a596ceaace118ae2a9a6536dc,2026-07-13T11:24:41.974Z,success,38847,1000,6378567,0x5781aef65eb6a2601ad3530547d2574814468e55bd27f0b4f37ad1430b1e831a,2026-07-13T11:24:41.974Z,4252,4252,4392,93,Trusted,2026-07-13T11:24:35.250Z,0xbb0d446a2dbbfb99fa8336d141e5b6ca9c05907f98ebe02d0ad44a2ed80da4ad,,variant-batch live execution
datm-live-2026-07-13T11-22-25-113Z,B,entity-03-normal,normal,14,2026-07-13T11:24:37.582Z,2026-07-13T11:24:37.582Z,2026-07-13T11:24:37.582Z,0,2026-07-13T11:24:37.689Z,0xbbd17c325dc17ace15e21a61729e77054c5eae51f655eb13dfcd829044ed1875,2026-07-13T11:24:41.997Z,success,38847,1000,6378567,0x5781aef65eb6a2601ad3530547d2574814468e55bd27f0b4f37ad1430b1e831a,2026-07-13T11:24:41.997Z,4308,4308,4415,91,Trusted,2026-07-13T11:24:35.250Z,0x2007fa1b3a243bf39ec172fd7835ff12bfdd0e07141daf0cc8ac48da2dee83a3,,variant-batch live execution
datm-live-2026-07-13T11-22-25-113Z,B,entity-04-normal,normal,14,2026-07-13T11:24:37.583Z,2026-07-13T11:24:37.583Z,2026-07-13T11:24:37.583Z,0,2026-07-13T11:24:37.722Z,0x84e9db326f348dfd0a218b88f8f9e524df64cf57080ac6a31c713730330f326b,2026-07-13T11:24:41.974Z,success,38847,1000,6378567,0x5781aef65eb6a2601ad3530547d2574814468e55bd27f0b4f37ad1430b1e831a,2026-07-13T11:24:41.974Z,4252,4252,4391,92,Trusted,2026-07-13T11:24:35.250Z,0x31c41263104f32b02d6972faec830fccccba050362023089b3527c260acf86c3,,variant-batch live execution
datm-live-2026-07-13T11-22-25-113Z,B,entity-05-suspicious,suspicious,14,2026-07-13T11:24:37.583Z,2026-07-13T11:24:37.583Z,2026-07-13T11:24:37.583Z,0,2026-07-13T11:24:37.722Z,0xafc02c510ac8e2f0572c5922847caeef6ea97967fdcfb0458a6969e4bfd21d6a,2026-07-13T11:24:41.976Z,success,38867,1000,6378567,0x5781aef65eb6a2601ad3530547d2574814468e55bd27f0b4f37ad1430b1e831a,2026-07-13T11:24:41.976Z,4254,4254,4393,61,Suspicious,2026-07-13T11:24:35.250Z,0x8fdc3db68830c8da854e382507a6d38b5a04d7ecc22ae1fa3bb625426757d8ff,,variant-batch live execution
datm-live-2026-07-13T11-22-25-113Z,B,entity-06-suspicious,suspicious,14,2026-07-13T11:24:37.583Z,2026-07-13T11:24:37.583Z,2026-07-13T11:24:37.583Z,0,2026-07-13T11:24:37.722Z,0xa1719a956febb3e73e81323857748357f68cd97dbb7909eb7f9d31b48b396932,2026-07-13T11:24:41.973Z,success,38867,1000,6378567,0x5781aef65eb6a2601ad3530547d2574814468e55bd27f0b4f37ad1430b1e831a,2026-07-13T11:24:41.973Z,4251,4251,4390,60,Suspicious,2026-07-13T11:24:35.250Z,0xda649a039f6ad7114333d8ab1f74744a99470bf2e78fcf087931f0c6f7eb2c6f,,variant-batch live execution
datm-live-2026-07-13T11-22-25-113Z,B,entity-01-normal,normal,15,2026-07-13T11:24:47.132Z,2026-07-13T11:24:47.132Z,2026-07-13T11:24:47.132Z,0,2026-07-13T11:24:47.241Z,0x0d0c55378f6016833fcc887b6e1b7d012f29d6e509b2991a4ada4ca20f6a524e,2026-07-13T11:24:51.496Z,success,38847,1000,6378569,0xf9841cf74a4a7b750c85346a34b7de1d6db79a1ddbea2dba4003721734988976,2026-07-13T11:24:51.496Z,4255,4255,4364,93,Trusted,2026-07-13T11:24:45.250Z,0x7e4ffcc62a285e54423982b9d3d9ff77fb074852df855da268162f053355733c,,variant-batch live execution
datm-live-2026-07-13T11-22-25-113Z,B,entity-02-normal,normal,15,2026-07-13T11:24:47.133Z,2026-07-13T11:24:47.133Z,2026-07-13T11:24:47.133Z,0,2026-07-13T11:24:47.266Z,0x5d9c8dca1235890e584e3d42151396d17756e1b9fadf100e46372e389c1cc889,2026-07-13T11:24:51.502Z,success,38847,1000,6378569,0xf9841cf74a4a7b750c85346a34b7de1d6db79a1ddbea2dba4003721734988976,2026-07-13T11:24:51.502Z,4236,4236,4369,91,Trusted,2026-07-13T11:24:45.250Z,0x9e2c587d5c7cf0b0a3549baa0fa0393171d5e3ab933fb397db53c46a89d9dcbc,,variant-batch live execution
datm-live-2026-07-13T11-22-25-113Z,B,entity-03-normal,normal,15,2026-07-13T11:24:47.134Z,2026-07-13T11:24:47.134Z,2026-07-13T11:24:47.134Z,0,2026-07-13T11:24:47.266Z,0x1093356127d7ad5e8bd03d1e2704ac7fc21662c973038c9c1cc563b4fc03284d,2026-07-13T11:24:51.499Z,success,38835,1000,6378569,0xf9841cf74a4a7b750c85346a34b7de1d6db79a1ddbea2dba4003721734988976,2026-07-13T11:24:51.499Z,4233,4233,4365,93,Trusted,2026-07-13T11:24:45.250Z,0x4d248b402c19c7d4a9002124f9fd94d37f8fba6bb4a0b750897132a3989cf8ef,,variant-batch live execution
datm-live-2026-07-13T11-22-25-113Z,B,entity-04-normal,normal,15,2026-07-13T11:24:47.134Z,2026-07-13T11:24:47.134Z,2026-07-13T11:24:47.134Z,0,2026-07-13T11:24:47.267Z,0xd8ce29e32549e56d65c71e411421b640400240613a8313a8b1d06f3590ecac0f,2026-07-13T11:24:51.502Z,success,38847,1000,6378569,0xf9841cf74a4a7b750c85346a34b7de1d6db79a1ddbea2dba4003721734988976,2026-07-13T11:24:51.502Z,4235,4235,4368,93,Trusted,2026-07-13T11:24:45.250Z,0xac38143746bec7898102c29fdf97585bea09b1b5c0b84a31b1999544453d9a2f,,variant-batch live execution
datm-live-2026-07-13T11-22-25-113Z,B,entity-05-suspicious,suspicious,15,2026-07-13T11:24:47.135Z,2026-07-13T11:24:47.135Z,2026-07-13T11:24:47.135Z,0,2026-07-13T11:24:47.267Z,0x053b481add716b96060a1e576b6c2e027d0b4cb1d76e1274cea0d027c3599896,2026-07-13T11:24:51.502Z,success,38855,1000,6378569,0xf9841cf74a4a7b750c85346a34b7de1d6db79a1ddbea2dba4003721734988976,2026-07-13T11:24:51.502Z,4235,4235,4367,60,Suspicious,2026-07-13T11:24:45.250Z,0x04cd1557306e00269b83f752da0a7afc5e6e3cf4807d10df6ad62b89b18ad938,,variant-batch live execution
datm-live-2026-07-13T11-22-25-113Z,B,entity-06-suspicious,suspicious,15,2026-07-13T11:24:47.136Z,2026-07-13T11:24:47.136Z,2026-07-13T11:24:47.136Z,0,2026-07-13T11:24:47.267Z,0xbce57723d3eef4000b7f2853b600429b18bd1b9496eb3c40d3b68234f22c9243,2026-07-13T11:24:51.523Z,success,38867,1000,6378569,0xf9841cf74a4a7b750c85346a34b7de1d6db79a1ddbea2dba4003721734988976,2026-07-13T11:24:51.523Z,4256,4256,4387,64,Suspicious,2026-07-13T11:24:45.250Z,0xc02e3873f0427686f6dda5c1f68de435b35ea0ebe9f6f8d303eee2e0e636c4d2,,variant-batch live execution
datm-live-2026-07-13T11-22-25-113Z,B,entity-01-normal,normal,16,2026-07-13T11:24:56.653Z,2026-07-13T11:24:56.653Z,2026-07-13T11:24:56.653Z,0,2026-07-13T11:24:56.763Z,0xe9c6d38ae055dcd04d070cd1946e9a4dfd76f6ffed77fd05994fe94ee236c637,2026-07-13T11:25:01.015Z,success,38847,1000,6378571,0xf28fd92ad91cfb0eede09156d72f8e38e5f2b830fbea7c068314eae68c6898f0,2026-07-13T11:25:01.015Z,4252,4252,4362,90,Trusted,2026-07-13T11:24:55.250Z,0xc671e5c245ad23057aacad52a28d4f3b249258f388374e99db32486dd09779ae,,variant-batch live execution
datm-live-2026-07-13T11-22-25-113Z,B,entity-02-normal,normal,16,2026-07-13T11:24:56.654Z,2026-07-13T11:24:56.654Z,2026-07-13T11:24:56.654Z,0,2026-07-13T11:24:56.791Z,0xda41dcaac9ec17f3693ff49abdbae1cdd2de961819bcabaca8a582560f942a67,2026-07-13T11:25:01.007Z,success,38847,1000,6378571,0xf28fd92ad91cfb0eede09156d72f8e38e5f2b830fbea7c068314eae68c6898f0,2026-07-13T11:25:01.007Z,4216,4216,4353,92,Trusted,2026-07-13T11:24:55.250Z,0xeb4935aa1a18a6666383e45bf6f88d17f7b33d86b1cc423e200fd8b3f56a7283,,variant-batch live execution
datm-live-2026-07-13T11-22-25-113Z,B,entity-03-normal,normal,16,2026-07-13T11:24:56.654Z,2026-07-13T11:24:56.654Z,2026-07-13T11:24:56.654Z,0,2026-07-13T11:24:56.791Z,0xa103e35daca12c59469ebe03703ef9b71bb28bff66808147a5c753cc75b54af0,2026-07-13T11:25:01.013Z,success,38847,1000,6378571,0xf28fd92ad91cfb0eede09156d72f8e38e5f2b830fbea7c068314eae68c6898f0,2026-07-13T11:25:01.013Z,4222,4222,4359,92,Trusted,2026-07-13T11:24:55.250Z,0xad27cc9b16c88a930c31554e7043b66b67c2679be573e1d3531b64a9edbcf823,,variant-batch live execution
datm-live-2026-07-13T11-22-25-113Z,B,entity-04-normal,normal,16,2026-07-13T11:24:56.655Z,2026-07-13T11:24:56.655Z,2026-07-13T11:24:56.655Z,0,2026-07-13T11:24:56.791Z,0x9b465ccdaa95bd4694890413117c3554a6deea01e0c97bb087f813fe8d8e0860,2026-07-13T11:25:01.013Z,success,38835,1000,6378571,0xf28fd92ad91cfb0eede09156d72f8e38e5f2b830fbea7c068314eae68c6898f0,2026-07-13T11:25:01.013Z,4222,4222,4358,90,Trusted,2026-07-13T11:24:55.250Z,0xcfbd3ffecabe6ef43898e012629b3be8cc725da199f5bb17059aff96d3005aff,,variant-batch live execution
datm-live-2026-07-13T11-22-25-113Z,B,entity-05-suspicious,suspicious,16,2026-07-13T11:24:56.655Z,2026-07-13T11:24:56.655Z,2026-07-13T11:24:56.655Z,0,2026-07-13T11:24:56.791Z,0xaf563ac4fe67ea7dca92bd8c4886f6cf821020bcf24b5c876bde6bff9447b4c7,2026-07-13T11:25:01.033Z,success,38867,1000,6378571,0xf28fd92ad91cfb0eede09156d72f8e38e5f2b830fbea7c068314eae68c6898f0,2026-07-13T11:25:01.033Z,4242,4242,4378,64,Suspicious,2026-07-13T11:24:55.250Z,0xa5c921fa1e871d8adef86acc64ec79ecce3a1da4c5254a253616cf7439dcd930,,variant-batch live execution
datm-live-2026-07-13T11-22-25-113Z,B,entity-06-suspicious,suspicious,16,2026-07-13T11:24:56.656Z,2026-07-13T11:24:56.656Z,2026-07-13T11:24:56.656Z,0,2026-07-13T11:24:56.792Z,0x5f924c091ffc2d00080e05b8e79a3b3f52ce50d908ea3faf0579db5334eb9408,2026-07-13T11:25:01.003Z,success,38867,1000,6378571,0xf28fd92ad91cfb0eede09156d72f8e38e5f2b830fbea7c068314eae68c6898f0,2026-07-13T11:25:01.003Z,4211,4211,4347,61,Suspicious,2026-07-13T11:24:55.250Z,0x433e9bea600563eb88c68e464ff8345ec5c627d9bed56179bf58e22a445653e1,,variant-batch live execution
datm-live-2026-07-13T11-22-25-113Z,B,entity-01-normal,normal,17,2026-07-13T11:25:06.147Z,2026-07-13T11:25:06.147Z,2026-07-13T11:25:06.147Z,0,2026-07-13T11:25:06.291Z,0xb9b3dba4d56a2989550c63ae15fe4f07427ec30b71212810a24e62c7a5c5a1a2,2026-07-13T11:25:10.529Z,success,38847,1000,6378573,0xc828f9c92d19820aa3d02e6ce04598c7a87d1325aca8a44a2c409015a73a3fa6,2026-07-13T11:25:10.529Z,4238,4238,4382,93,Trusted,2026-07-13T11:25:05.250Z,0x57cf6840e399f17efc67935a4768dbb9f56875406b21d7f869a928ec2dbc71b6,,variant-batch live execution
datm-live-2026-07-13T11-22-25-113Z,B,entity-02-normal,normal,17,2026-07-13T11:25:06.148Z,2026-07-13T11:25:06.148Z,2026-07-13T11:25:06.148Z,0,2026-07-13T11:25:06.266Z,0x269349366be9d330f02c0af9f3063dea281a334e9d99aeca91662aa3b7743099,2026-07-13T11:25:10.515Z,success,38847,1000,6378573,0xc828f9c92d19820aa3d02e6ce04598c7a87d1325aca8a44a2c409015a73a3fa6,2026-07-13T11:25:10.515Z,4249,4249,4367,93,Trusted,2026-07-13T11:25:05.250Z,0x9569edaaf1dbbb04d926a3944520ea0b0b80afcae268da9753d4f31a0a497917,,variant-batch live execution
datm-live-2026-07-13T11-22-25-113Z,B,entity-03-normal,normal,17,2026-07-13T11:25:06.149Z,2026-07-13T11:25:06.149Z,2026-07-13T11:25:06.149Z,0,2026-07-13T11:25:06.291Z,0xde773442a0682f02ba50e23738bdaa152b638329e046f771dfc1df956c913017,2026-07-13T11:25:10.524Z,success,38847,1000,6378573,0xc828f9c92d19820aa3d02e6ce04598c7a87d1325aca8a44a2c409015a73a3fa6,2026-07-13T11:25:10.524Z,4233,4233,4375,92,Trusted,2026-07-13T11:25:05.250Z,0x6efceaf6731b649cb9a8c49d6959635e1fddaa82fc7bd4ebdb79ff409caf9f5d,,variant-batch live execution
datm-live-2026-07-13T11-22-25-113Z,B,entity-04-normal,normal,17,2026-07-13T11:25:06.149Z,2026-07-13T11:25:06.149Z,2026-07-13T11:25:06.149Z,0,2026-07-13T11:25:06.291Z,0xb79d45a4fc71317ea649fa2ba7902d6d4d3c848609f1bbbf7f7f1c4eb6181d90,2026-07-13T11:25:10.530Z,success,38847,1000,6378573,0xc828f9c92d19820aa3d02e6ce04598c7a87d1325aca8a44a2c409015a73a3fa6,2026-07-13T11:25:10.530Z,4239,4239,4381,93,Trusted,2026-07-13T11:25:05.250Z,0xb3eb7696e1497cb5ec849abb0dd372e84132f0323ce1947c265da5b0e823ccfb,,variant-batch live execution
datm-live-2026-07-13T11-22-25-113Z,B,entity-05-suspicious,suspicious,17,2026-07-13T11:25:06.149Z,2026-07-13T11:25:06.149Z,2026-07-13T11:25:06.149Z,0,2026-07-13T11:25:06.292Z,0x23dfc2c1f59b2b6d9bf8960da6c85dcdc579752be2775ab5756aa52763608fbf,2026-07-13T11:25:10.530Z,success,38867,1000,6378573,0xc828f9c92d19820aa3d02e6ce04598c7a87d1325aca8a44a2c409015a73a3fa6,2026-07-13T11:25:10.530Z,4238,4238,4381,61,Suspicious,2026-07-13T11:25:05.250Z,0x2788587c7b550f87561903b4797984b4436fbdeefaf0dc105ade6cc8f7225862,,variant-batch live execution
datm-live-2026-07-13T11-22-25-113Z,B,entity-06-suspicious,suspicious,17,2026-07-13T11:25:06.150Z,2026-07-13T11:25:06.150Z,2026-07-13T11:25:06.150Z,0,2026-07-13T11:25:06.292Z,0xc3c2a66af17ed8fe01c931f49b560e8824c939b31f528e36ea6389bc074957e9,2026-07-13T11:25:10.539Z,success,38867,1000,6378573,0xc828f9c92d19820aa3d02e6ce04598c7a87d1325aca8a44a2c409015a73a3fa6,2026-07-13T11:25:10.539Z,4247,4247,4389,58,Suspicious,2026-07-13T11:25:05.250Z,0x5aabc32eda8f925adb6fc5a1bf75f6dc739ce49e07468bc82495959123e55122,,variant-batch live execution
datm-live-2026-07-13T11-22-25-113Z,B,entity-01-normal,normal,18,2026-07-13T11:25:15.657Z,2026-07-13T11:25:15.657Z,2026-07-13T11:25:15.657Z,0,2026-07-13T11:25:15.808Z,0x8b99e1bda5a34dd4c16cbbc1a154b183154709b112015e2748c84bd85899e286,2026-07-13T11:25:20.068Z,success,38835,1000,6378575,0xe73ee267af3038173240cde3d273af7dd72b2efc44a2424f1b8cc5e58f46135a,2026-07-13T11:25:20.068Z,4260,4260,4411,92,Trusted,2026-07-13T11:25:15.250Z,0x1ca0c85a33b6c2f5c40cfcd4ca6513dc39898e17c0009e7c67f91c4d5929ceb5,,variant-batch live execution
datm-live-2026-07-13T11-22-25-113Z,B,entity-02-normal,normal,18,2026-07-13T11:25:15.659Z,2026-07-13T11:25:15.659Z,2026-07-13T11:25:15.659Z,0,2026-07-13T11:25:15.778Z,0x14692d631f1e42c824f2f8e1e630e63c0375c047acf82092ff2529320599c754,2026-07-13T11:25:20.039Z,success,38847,1000,6378575,0xe73ee267af3038173240cde3d273af7dd72b2efc44a2424f1b8cc5e58f46135a,2026-07-13T11:25:20.039Z,4261,4261,4380,91,Trusted,2026-07-13T11:25:15.250Z,0xa4ff93fd3a6a2af05238548c5c18132cda62d7fd8ab13c13dae7759040d4181f,,variant-batch live execution
datm-live-2026-07-13T11-22-25-113Z,B,entity-03-normal,normal,18,2026-07-13T11:25:15.660Z,2026-07-13T11:25:15.660Z,2026-07-13T11:25:15.660Z,0,2026-07-13T11:25:15.808Z,0xa04f7cb54887bcfce012ab00faf18acbe12579feb8ef745ad8e995fd335f318d,2026-07-13T11:25:20.044Z,success,38835,1000,6378575,0xe73ee267af3038173240cde3d273af7dd72b2efc44a2424f1b8cc5e58f46135a,2026-07-13T11:25:20.044Z,4236,4236,4384,92,Trusted,2026-07-13T11:25:15.250Z,0x2fa6aa1c5cee0078c41bb1a997092e8cf0a4c64a587842212a4b9922b092d55a,,variant-batch live execution
datm-live-2026-07-13T11-22-25-113Z,B,entity-04-normal,normal,18,2026-07-13T11:25:15.661Z,2026-07-13T11:25:15.661Z,2026-07-13T11:25:15.661Z,0,2026-07-13T11:25:15.808Z,0xbdaa648bd6502c97dc7890f42e4273380b347b5451e6cf79f3c07fd9927d1971,2026-07-13T11:25:20.045Z,success,38847,1000,6378575,0xe73ee267af3038173240cde3d273af7dd72b2efc44a2424f1b8cc5e58f46135a,2026-07-13T11:25:20.045Z,4237,4237,4384,92,Trusted,2026-07-13T11:25:15.250Z,0x67ed26c0c159894ca6ba655c0f0f1bd50c5e8b9e3fb6492d29d79976c7a9a0a7,,variant-batch live execution
datm-live-2026-07-13T11-22-25-113Z,B,entity-05-suspicious,suspicious,18,2026-07-13T11:25:15.662Z,2026-07-13T11:25:15.662Z,2026-07-13T11:25:15.662Z,0,2026-07-13T11:25:15.809Z,0x745013e9f911563defcbdf5f9dc0ca2994794d343c1a5c8825cc6d4bae729dce,2026-07-13T11:25:20.046Z,success,38867,1000,6378575,0xe73ee267af3038173240cde3d273af7dd72b2efc44a2424f1b8cc5e58f46135a,2026-07-13T11:25:20.046Z,4237,4237,4384,58,Suspicious,2026-07-13T11:25:15.250Z,0xc42686e1d3b0a5ebcb2060a1f74976446e075dafc4c75233115385a9259becbd,,variant-batch live execution
datm-live-2026-07-13T11-22-25-113Z,B,entity-06-suspicious,suspicious,18,2026-07-13T11:25:15.663Z,2026-07-13T11:25:15.663Z,2026-07-13T11:25:15.663Z,0,2026-07-13T11:25:15.809Z,0x3bb7772673190bbd2b3017950e5b56ad2221f358338b8335d1c526bb3f2a27bd,2026-07-13T11:25:20.045Z,success,38867,1000,6378575,0xe73ee267af3038173240cde3d273af7dd72b2efc44a2424f1b8cc5e58f46135a,2026-07-13T11:25:20.045Z,4236,4236,4382,60,Suspicious,2026-07-13T11:25:15.250Z,0x108c33368c1d23874ede12fdae50e0b7cdce66600cc0a9e6424ce67b64bc73a4,,variant-batch live execution
datm-live-2026-07-13T11-22-25-113Z,B,entity-01-normal,normal,19,2026-07-13T11:25:25.180Z,2026-07-13T11:25:25.180Z,2026-07-13T11:25:25.180Z,0,2026-07-13T11:25:25.470Z,0xf51b5a7f01e6a33a8e34c0eb5348f6c5310cf6832902e241c4e8cf374688e3fd,2026-07-13T11:25:29.805Z,success,38847,1000,6378577,0x3f14714bd4876f443e3ddc923431fe6b159d8973bf243441680924ca21f0617f,2026-07-13T11:25:29.805Z,4335,4335,4625,92,Trusted,2026-07-13T11:25:25.250Z,0x997fc6fe25fe27bc7714290db0dd5b3f211716010ecd11ffdca9b0b6b097c4bb,,variant-batch live execution
datm-live-2026-07-13T11-22-25-113Z,B,entity-02-normal,normal,19,2026-07-13T11:25:25.182Z,2026-07-13T11:25:25.182Z,2026-07-13T11:25:25.182Z,0,2026-07-13T11:25:25.527Z,0x4798f3b74e3593a0969b6f426837d6b2814cb290ea1bf143430db6e4327da7b6,2026-07-13T11:25:29.779Z,success,38847,1000,6378577,0x3f14714bd4876f443e3ddc923431fe6b159d8973bf243441680924ca21f0617f,2026-07-13T11:25:29.779Z,4252,4252,4597,93,Trusted,2026-07-13T11:25:25.250Z,0x52e87d9a3b42c1e62c994c7dafdf9e553ffa0e50d5fe0c6fe0a23724d71cd86b,,variant-batch live execution
datm-live-2026-07-13T11-22-25-113Z,B,entity-03-normal,normal,19,2026-07-13T11:25:25.182Z,2026-07-13T11:25:25.182Z,2026-07-13T11:25:25.182Z,0,2026-07-13T11:25:25.528Z,0x57e8d4303d83c0d58eef87cdda50bc9abd5ac20e92c2c95a00107f03ff666ed8,2026-07-13T11:25:29.775Z,success,38847,1000,6378577,0x3f14714bd4876f443e3ddc923431fe6b159d8973bf243441680924ca21f0617f,2026-07-13T11:25:29.775Z,4247,4247,4593,93,Trusted,2026-07-13T11:25:25.250Z,0xc7be49801fd6cf5c8e46679b989c23c8081ac7ff489364b0cd4140289e493e7e,,variant-batch live execution
datm-live-2026-07-13T11-22-25-113Z,B,entity-04-normal,normal,19,2026-07-13T11:25:25.183Z,2026-07-13T11:25:25.183Z,2026-07-13T11:25:25.183Z,0,2026-07-13T11:25:25.528Z,0xdad3e5947c26f8bb55c8875e834b82249fe1b4dcf1f91911db2ab4999cbdb2a3,2026-07-13T11:25:29.776Z,success,38847,1000,6378577,0x3f14714bd4876f443e3ddc923431fe6b159d8973bf243441680924ca21f0617f,2026-07-13T11:25:29.776Z,4248,4248,4593,92,Trusted,2026-07-13T11:25:25.250Z,0x43cd11b153016e1a9bf2d3e608aafc5d558a0f7f058ddb6529295cf6bac3601f,,variant-batch live execution
datm-live-2026-07-13T11-22-25-113Z,B,entity-05-suspicious,suspicious,19,2026-07-13T11:25:25.184Z,2026-07-13T11:25:25.184Z,2026-07-13T11:25:25.184Z,0,2026-07-13T11:25:25.528Z,0x287452cfac45726f3a278100f7533d5ddbdc5ba33c18af9b58e9c0cd186f83df,2026-07-13T11:25:29.779Z,success,38867,1000,6378577,0x3f14714bd4876f443e3ddc923431fe6b159d8973bf243441680924ca21f0617f,2026-07-13T11:25:29.779Z,4251,4251,4595,60,Suspicious,2026-07-13T11:25:25.250Z,0xa95f4e1f8c3160219ea047ee7ad5608dd696d824d85c3b6397b2e278a7cfd388,,variant-batch live execution
datm-live-2026-07-13T11-22-25-113Z,B,entity-06-suspicious,suspicious,19,2026-07-13T11:25:25.184Z,2026-07-13T11:25:25.184Z,2026-07-13T11:25:25.184Z,0,2026-07-13T11:25:25.529Z,0x70386dfff4cc96a6fd7bc856fb0ba985cead28e48a85fce8d854fd1686532324,2026-07-13T11:25:29.781Z,success,38867,1000,6378577,0x3f14714bd4876f443e3ddc923431fe6b159d8973bf243441680924ca21f0617f,2026-07-13T11:25:29.781Z,4252,4252,4597,62,Suspicious,2026-07-13T11:25:25.250Z,0x3f09d7bcbdf8dcac59e41906435e57349261ae791186c7f79890d00f43e9c2da,,variant-batch live execution
datm-live-2026-07-13T11-22-25-113Z,B,entity-01-normal,normal,20,2026-07-13T11:25:34.927Z,2026-07-13T11:25:34.927Z,2026-07-13T11:25:34.927Z,0,2026-07-13T11:25:35.084Z,0x5bdb57750181fdedd6404f4830f6c3d0f815c38c72e2431ee83f67bbf1e24736,2026-07-13T11:25:39.332Z,success,38847,1000,6378579,0x201a5fd212c374e28da1e0f684e1722317c6f8831ae0dfe1408333444f987059,2026-07-13T11:25:39.332Z,4248,4248,4405,92,Trusted,2026-07-13T11:25:35.250Z,0x2ebaf39e44eedfe9206f03848d968c8190b049905e4ce19fb83af385e8ec422c,,variant-batch live execution
datm-live-2026-07-13T11-22-25-113Z,B,entity-02-normal,normal,20,2026-07-13T11:25:34.928Z,2026-07-13T11:25:34.928Z,2026-07-13T11:25:34.928Z,0,2026-07-13T11:25:35.047Z,0x673c00f77e068c8936b83d105a4023f958706d20096574de40a5c6d491993372,2026-07-13T11:25:39.360Z,success,38847,1000,6378579,0x201a5fd212c374e28da1e0f684e1722317c6f8831ae0dfe1408333444f987059,2026-07-13T11:25:39.360Z,4313,4313,4432,93,Trusted,2026-07-13T11:25:35.250Z,0xc9f97c67ddecb1c99bd6ba7bd6988ea99a74da641520c911d44767e63c6dd20d,,variant-batch live execution
datm-live-2026-07-13T11-22-25-113Z,B,entity-03-normal,normal,20,2026-07-13T11:25:34.929Z,2026-07-13T11:25:34.929Z,2026-07-13T11:25:34.929Z,0,2026-07-13T11:25:35.085Z,0x714aa17f835a295de90966b3f5c743006fd3e51873d390ecf8fcd3e32c86d08b,2026-07-13T11:25:39.338Z,success,38835,1000,6378579,0x201a5fd212c374e28da1e0f684e1722317c6f8831ae0dfe1408333444f987059,2026-07-13T11:25:39.338Z,4253,4253,4409,91,Trusted,2026-07-13T11:25:35.250Z,0x66a50098429899aaef57ba7ff8edd5070d65141edf22111e1d26e26a375ffde8,,variant-batch live execution
datm-live-2026-07-13T11-22-25-113Z,B,entity-04-normal,normal,20,2026-07-13T11:25:34.930Z,2026-07-13T11:25:34.930Z,2026-07-13T11:25:34.930Z,0,2026-07-13T11:25:35.085Z,0xb7f190211b974cf850884bc987a960a4b542aed334e7f484eed00983af5edbd4,2026-07-13T11:25:39.338Z,success,38847,1000,6378579,0x201a5fd212c374e28da1e0f684e1722317c6f8831ae0dfe1408333444f987059,2026-07-13T11:25:39.338Z,4253,4253,4408,92,Trusted,2026-07-13T11:25:35.250Z,0xfdf58ebace3be60cfca83db3597d077f29ac694240969bbb4bcfcc52529887d7,,variant-batch live execution
datm-live-2026-07-13T11-22-25-113Z,B,entity-05-suspicious,suspicious,20,2026-07-13T11:25:34.930Z,2026-07-13T11:25:34.930Z,2026-07-13T11:25:34.930Z,0,2026-07-13T11:25:35.085Z,0xfb060b857f9c51b0da80f0c2b3607b65898f9898c0d19c7de233d98e0918d300,2026-07-13T11:25:39.339Z,success,38867,1000,6378579,0x201a5fd212c374e28da1e0f684e1722317c6f8831ae0dfe1408333444f987059,2026-07-13T11:25:39.339Z,4254,4254,4409,62,Suspicious,2026-07-13T11:25:35.250Z,0x52290b2d61876c067a76a56d17bccc986f5b303e4d20bbac44f911bbe1c69882,,variant-batch live execution
datm-live-2026-07-13T11-22-25-113Z,B,entity-06-suspicious,suspicious,20,2026-07-13T11:25:34.931Z,2026-07-13T11:25:34.931Z,2026-07-13T11:25:34.931Z,0,2026-07-13T11:25:35.085Z,0xeadea9d8734f070be740405f1ac3d1cc68014b8e7971c36c7cfe379eef44584a,2026-07-13T11:25:39.339Z,success,38867,1000,6378579,0x201a5fd212c374e28da1e0f684e1722317c6f8831ae0dfe1408333444f987059,2026-07-13T11:25:39.339Z,4254,4254,4408,63,Suspicious,2026-07-13T11:25:35.250Z,0x1b076e576582f512d3217dd68cf44c1923b259a119525da3cc925910b970b955,,variant-batch live execution
datm-live-2026-07-13T11-22-25-113Z,B,entity-01-normal,normal,21,2026-07-13T11:25:44.496Z,2026-07-13T11:25:44.496Z,2026-07-13T11:25:44.496Z,0,2026-07-13T11:25:44.783Z,0xf90d190127cf8db0c8562d0cb4baa8ecb11193318e0f41b78d038e1504b253e5,2026-07-13T11:25:49.167Z,success,38847,1000,6378581,0x98b82555a77163a89c46df52eb7056614130b5b60a6c152022ecfd84633e08ee,2026-07-13T11:25:49.167Z,4384,4384,4671,91,Trusted,2026-07-13T11:25:45.250Z,0x3e961f53a4dfcdc0dae333713b2c972eab1a7a4757815794f62e9e8e46ef2c6e,,variant-batch live execution
datm-live-2026-07-13T11-22-25-113Z,B,entity-02-normal,normal,21,2026-07-13T11:25:44.499Z,2026-07-13T11:25:44.499Z,2026-07-13T11:25:44.499Z,0,2026-07-13T11:25:44.784Z,0x222caeecdab03788dcd63f11ab43c08b2884895438a2d87a0c9ea2ecf0b830b8,2026-07-13T11:25:49.138Z,success,38847,1000,6378581,0x98b82555a77163a89c46df52eb7056614130b5b60a6c152022ecfd84633e08ee,2026-07-13T11:25:49.138Z,4354,4354,4639,89,Trusted,2026-07-13T11:25:45.250Z,0x1e7a4be2e61c4d4944275950efb1cca3c67e83a32da9e2186ca0c086e6e1d639,,variant-batch live execution
datm-live-2026-07-13T11-22-25-113Z,B,entity-03-normal,normal,21,2026-07-13T11:25:44.499Z,2026-07-13T11:25:44.499Z,2026-07-13T11:25:44.499Z,0,2026-07-13T11:25:44.822Z,0x15cd652dda55eeba143de8d8d718b63a8d4e83f2241511d42993bbcab22f3a87,2026-07-13T11:25:49.138Z,success,38847,1000,6378581,0x98b82555a77163a89c46df52eb7056614130b5b60a6c152022ecfd84633e08ee,2026-07-13T11:25:49.138Z,4316,4316,4639,91,Trusted,2026-07-13T11:25:45.250Z,0x67710c9125a26222a2c5fd376cdd0ab7a0b8f0e452a8ea65c46ff0be7b156d12,,variant-batch live execution
datm-live-2026-07-13T11-22-25-113Z,B,entity-04-normal,normal,21,2026-07-13T11:25:44.500Z,2026-07-13T11:25:44.500Z,2026-07-13T11:25:44.500Z,0,2026-07-13T11:25:44.822Z,0x69b7d14483c79d0321ce0d0777c023dc2016e5d5c300a656929f7cb3df8443ac,2026-07-13T11:25:49.138Z,success,38847,1000,6378581,0x98b82555a77163a89c46df52eb7056614130b5b60a6c152022ecfd84633e08ee,2026-07-13T11:25:49.138Z,4316,4316,4638,91,Trusted,2026-07-13T11:25:45.250Z,0x128cda6b155720d096421b46aeae17664cf2f5222ac8d0f1548a66379b220bc5,,variant-batch live execution
datm-live-2026-07-13T11-22-25-113Z,B,entity-05-suspicious,suspicious,21,2026-07-13T11:25:44.501Z,2026-07-13T11:25:44.501Z,2026-07-13T11:25:44.501Z,0,2026-07-13T11:25:44.823Z,0xb1c0effa96e7cf2ad0cfce616bd9c259b1aaaf07716d3d0194dfed9dbcffb369,2026-07-13T11:25:49.133Z,success,38867,1000,6378581,0x98b82555a77163a89c46df52eb7056614130b5b60a6c152022ecfd84633e08ee,2026-07-13T11:25:49.133Z,4310,4310,4632,63,Suspicious,2026-07-13T11:25:45.250Z,0x9a90050ca28f1498486b2e3deaf2ea1d1dd5bf8fcba5a3e4c20adb4e038b80d1,,variant-batch live execution
datm-live-2026-07-13T11-22-25-113Z,B,entity-06-suspicious,suspicious,21,2026-07-13T11:25:44.501Z,2026-07-13T11:25:44.501Z,2026-07-13T11:25:44.501Z,0,2026-07-13T11:25:44.823Z,0x36efcdd196aa806cf3a3d18d309198fae48b1d4ef32803d2cc33d600aeb36728,2026-07-13T11:25:49.140Z,success,38867,1000,6378581,0x98b82555a77163a89c46df52eb7056614130b5b60a6c152022ecfd84633e08ee,2026-07-13T11:25:49.140Z,4317,4317,4639,61,Suspicious,2026-07-13T11:25:45.250Z,0xd4df1c5e1258e7c86788ebdf2329847a2482e388871d8acd11025928ad7db85d,,variant-batch live execution
datm-live-2026-07-13T11-22-25-113Z,B,entity-01-normal,normal,22,2026-07-13T11:25:54.282Z,2026-07-13T11:25:54.282Z,2026-07-13T11:25:54.282Z,0,2026-07-13T11:25:54.403Z,0xe07eb7a2eccf4ae109dd34547b3e7f401c1bc3faf17cbe9bbe801482e7d44c5e,2026-07-13T11:26:02.704Z,success,38847,1000,6378583,0x371a996fde55ee576fa773e946351465af2d141fe44790b21bc4ff8a9af3875d,2026-07-13T11:26:02.704Z,8301,8301,8422,91,Trusted,2026-07-13T11:25:55.250Z,0x20de2809859b1fed115d7d6f894d4d1222d8e05011cf1fdc49221589f143b729,,variant-batch live execution
datm-live-2026-07-13T11-22-25-113Z,B,entity-02-normal,normal,22,2026-07-13T11:25:54.283Z,2026-07-13T11:25:54.283Z,2026-07-13T11:25:54.283Z,0,2026-07-13T11:25:54.403Z,0x33abcd8f593b448edcac33dd9bf0983bd51bac11432b49a0f95944372ccb48be,2026-07-13T11:26:02.765Z,success,38847,1000,6378583,0x371a996fde55ee576fa773e946351465af2d141fe44790b21bc4ff8a9af3875d,2026-07-13T11:26:02.765Z,8362,8362,8482,93,Trusted,2026-07-13T11:25:55.250Z,0x09c5de08ea5623f3f9fd2bb137611a1fd26dbdad6511f01a2dcad7d783192f07,,variant-batch live execution
datm-live-2026-07-13T11-22-25-113Z,B,entity-03-normal,normal,22,2026-07-13T11:25:54.284Z,2026-07-13T11:25:54.284Z,2026-07-13T11:25:54.284Z,0,2026-07-13T11:25:54.440Z,0x6f3388b83427c5d05f83b271ce92b184d8947fa87208714e79e4ea5d22810bfa,2026-07-13T11:26:02.753Z,success,38847,1000,6378583,0x371a996fde55ee576fa773e946351465af2d141fe44790b21bc4ff8a9af3875d,2026-07-13T11:26:02.753Z,8313,8313,8469,92,Trusted,2026-07-13T11:25:55.250Z,0x9971f413fb0dc0f824cc8c9039b65ee2659090dc8c8adac35238b80546821e22,,variant-batch live execution
datm-live-2026-07-13T11-22-25-113Z,B,entity-04-normal,normal,22,2026-07-13T11:25:54.285Z,2026-07-13T11:25:54.285Z,2026-07-13T11:25:54.285Z,0,2026-07-13T11:25:54.440Z,0xb56f0af481780b1c61e9fce003fba8009f08522050e14790fc3fd9c4eeaa94ce,2026-07-13T11:26:02.752Z,success,38847,1000,6378583,0x371a996fde55ee576fa773e946351465af2d141fe44790b21bc4ff8a9af3875d,2026-07-13T11:26:02.752Z,8312,8312,8467,91,Trusted,2026-07-13T11:25:55.250Z,0x38ddb717888a77968d277fcaeb78c3142c99479b267d6c242dfc691aee608f91,,variant-batch live execution
datm-live-2026-07-13T11-22-25-113Z,B,entity-05-suspicious,suspicious,22,2026-07-13T11:25:54.285Z,2026-07-13T11:25:54.285Z,2026-07-13T11:25:54.285Z,0,2026-07-13T11:25:54.440Z,0x5f52c0aaf567ccf145c5b71a3ff85671ad97a37d7537fe88880670cb5b91a129,2026-07-13T11:26:02.752Z,success,38867,1000,6378583,0x371a996fde55ee576fa773e946351465af2d141fe44790b21bc4ff8a9af3875d,2026-07-13T11:26:02.752Z,8312,8312,8467,61,Suspicious,2026-07-13T11:25:55.250Z,0x41d74794bf437bee7cc103015e61c2d96fce43105c089d2e21bc9705cc550d7a,,variant-batch live execution
datm-live-2026-07-13T11-22-25-113Z,B,entity-06-suspicious,suspicious,22,2026-07-13T11:25:54.286Z,2026-07-13T11:25:54.286Z,2026-07-13T11:25:54.286Z,0,2026-07-13T11:25:54.440Z,0xfb3a04f8924dc303022328f3eacaccd7c169a27c60972285b3505b0e70c9e377,2026-07-13T11:26:02.674Z,success,38867,1000,6378583,0x371a996fde55ee576fa773e946351465af2d141fe44790b21bc4ff8a9af3875d,2026-07-13T11:26:02.674Z,8234,8234,8388,58,Suspicious,2026-07-13T11:25:55.250Z,0xf25f260fb38f4641dd96f2316635401b4dcc80a025d9c0854f36e3125f9992e9,,variant-batch live execution
datm-live-2026-07-13T11-22-25-113Z,B,entity-01-normal,normal,23,2026-07-13T11:26:07.887Z,2026-07-13T11:26:07.887Z,2026-07-13T11:26:07.887Z,0,2026-07-13T11:26:08.002Z,0xa03337e9944b55bc79113506cfc8d0ca8ee16d8e3f00e31959e689f0e4de8c91,2026-07-13T11:26:12.254Z,success,38847,1000,6378585,0x16736577c31e6c16ffdea6fc8785df98c446e25f20d53dde634cae3b2c2f2961,2026-07-13T11:26:12.254Z,4252,4252,4367,93,Trusted,2026-07-13T11:26:05.250Z,0x4298d8eff07b42a5c805cf4028e4d26b2c041ffdba05fe21233f6db9ec170bf7,,variant-batch live execution
datm-live-2026-07-13T11-22-25-113Z,B,entity-02-normal,normal,23,2026-07-13T11:26:07.888Z,2026-07-13T11:26:07.888Z,2026-07-13T11:26:07.888Z,0,2026-07-13T11:26:08.003Z,0x52fef02386fbcbcffefcdacb993ad28439aa544ec85983163c2906d3c201356f,2026-07-13T11:26:12.261Z,success,38847,1000,6378585,0x16736577c31e6c16ffdea6fc8785df98c446e25f20d53dde634cae3b2c2f2961,2026-07-13T11:26:12.261Z,4258,4258,4373,93,Trusted,2026-07-13T11:26:05.250Z,0x1602e1129325b85b49d77971235840495b3255b51c9b8e655347cb27685a815a,,variant-batch live execution
datm-live-2026-07-13T11-22-25-113Z,B,entity-03-normal,normal,23,2026-07-13T11:26:07.889Z,2026-07-13T11:26:07.889Z,2026-07-13T11:26:07.889Z,0,2026-07-13T11:26:08.033Z,0x5b15f61a0b2ed07b3cc35fe028b8af63d88c1a208dadf78102612084df13af4a,2026-07-13T11:26:12.261Z,success,38847,1000,6378585,0x16736577c31e6c16ffdea6fc8785df98c446e25f20d53dde634cae3b2c2f2961,2026-07-13T11:26:12.261Z,4228,4228,4372,92,Trusted,2026-07-13T11:26:05.250Z,0x8ff26a4c50d7eb081ff575fc8ad1896ce29e0fd1b4b8a46a30926da190a82863,,variant-batch live execution
datm-live-2026-07-13T11-22-25-113Z,B,entity-04-normal,normal,23,2026-07-13T11:26:07.890Z,2026-07-13T11:26:07.890Z,2026-07-13T11:26:07.890Z,0,2026-07-13T11:26:08.033Z,0x91a18ea493eb1e1c429ed7cd9ae725e28fe25a87a8b46c362dee67a2a75b57eb,2026-07-13T11:26:12.281Z,success,38847,1000,6378585,0x16736577c31e6c16ffdea6fc8785df98c446e25f20d53dde634cae3b2c2f2961,2026-07-13T11:26:12.281Z,4248,4248,4391,93,Trusted,2026-07-13T11:26:05.250Z,0x860934e73651365827d5c85f209accfd3e77fc8e6c11befc269e064ff00d950b,,variant-batch live execution
datm-live-2026-07-13T11-22-25-113Z,B,entity-05-suspicious,suspicious,23,2026-07-13T11:26:07.890Z,2026-07-13T11:26:07.890Z,2026-07-13T11:26:07.890Z,0,2026-07-13T11:26:08.033Z,0xf85425edcba01004d5d7911164dd57c4ce59e9b248917ed392ec219d1b73ee02,2026-07-13T11:26:12.261Z,success,38867,1000,6378585,0x16736577c31e6c16ffdea6fc8785df98c446e25f20d53dde634cae3b2c2f2961,2026-07-13T11:26:12.261Z,4228,4228,4371,58,Suspicious,2026-07-13T11:26:05.250Z,0x42586e5edef30143a25b4a1f44b2210812a37030d7b284aa660ca72cea48910b,,variant-batch live execution
datm-live-2026-07-13T11-22-25-113Z,B,entity-06-suspicious,suspicious,23,2026-07-13T11:26:07.891Z,2026-07-13T11:26:07.891Z,2026-07-13T11:26:07.891Z,0,2026-07-13T11:26:08.034Z,0x241da60103cf4d59c8837f90a8e02656d69f2d95a759ccc352ff489ab1f08cad,2026-07-13T11:26:12.261Z,success,38867,1000,6378585,0x16736577c31e6c16ffdea6fc8785df98c446e25f20d53dde634cae3b2c2f2961,2026-07-13T11:26:12.261Z,4227,4227,4370,61,Suspicious,2026-07-13T11:26:05.250Z,0x6c58809e2c449d01f304121f5912d00ecb0b6a83248051da05fa621850330d5b,,variant-batch live execution
datm-live-2026-07-13T11-22-25-113Z,B,entity-01-normal,normal,24,2026-07-13T11:26:17.399Z,2026-07-13T11:26:17.399Z,2026-07-13T11:26:17.399Z,0,2026-07-13T11:26:17.513Z,0x53e31804115ecaabe210e093da6f1df42882ef7f0494ed614f8af481decd07ee,2026-07-13T11:26:21.813Z,success,38847,1000,6378587,0x0a3cf8126bf7c1a6c6d57641380c7fd51bdcde32b7bb4cc92a64d0f837c8a2eb,2026-07-13T11:26:21.813Z,4300,4300,4414,92,Trusted,2026-07-13T11:26:15.250Z,0xe55b3314dc23d44a6110285f1a05ed9b695f0fa00cd03241ec452f5d3da53515,,variant-batch live execution
datm-live-2026-07-13T11-22-25-113Z,B,entity-02-normal,normal,24,2026-07-13T11:26:17.400Z,2026-07-13T11:26:17.400Z,2026-07-13T11:26:17.400Z,0,2026-07-13T11:26:17.553Z,0x9df448c94069a9a07e3e1baaa24880ea445c72319ce145964cbd0d0f989fe827,2026-07-13T11:26:21.808Z,success,38847,1000,6378587,0x0a3cf8126bf7c1a6c6d57641380c7fd51bdcde32b7bb4cc92a64d0f837c8a2eb,2026-07-13T11:26:21.808Z,4255,4255,4408,91,Trusted,2026-07-13T11:26:15.250Z,0x757550be661f34715ed2915cda223e278bb558d4365de9b8df8d9dd8cc36f5e0,,variant-batch live execution
datm-live-2026-07-13T11-22-25-113Z,B,entity-03-normal,normal,24,2026-07-13T11:26:17.401Z,2026-07-13T11:26:17.401Z,2026-07-13T11:26:17.401Z,0,2026-07-13T11:26:17.552Z,0x2023610f3f1e5d67eae051afec0a2601b5efd61ee3b5023ac2fbc18934b65767,2026-07-13T11:26:21.805Z,success,38847,1000,6378587,0x0a3cf8126bf7c1a6c6d57641380c7fd51bdcde32b7bb4cc92a64d0f837c8a2eb,2026-07-13T11:26:21.805Z,4253,4253,4404,92,Trusted,2026-07-13T11:26:15.250Z,0xb1c464d7ed74d5fc0550bc3055e34b7c321ede380d67cb700dc1afeab7634ff5,,variant-batch live execution
datm-live-2026-07-13T11-22-25-113Z,B,entity-04-normal,normal,24,2026-07-13T11:26:17.402Z,2026-07-13T11:26:17.402Z,2026-07-13T11:26:17.402Z,0,2026-07-13T11:26:17.552Z,0xa2818b7050b4c132a5c77e96e58d83b521b3e091a5a2dbc06cce50031f35ca70,2026-07-13T11:26:21.835Z,success,38847,1000,6378587,0x0a3cf8126bf7c1a6c6d57641380c7fd51bdcde32b7bb4cc92a64d0f837c8a2eb,2026-07-13T11:26:21.835Z,4283,4283,4433,92,Trusted,2026-07-13T11:26:15.250Z,0x5faa759b45aa54d303bc3f12caecdd7070a00ebad2010c0793e07360d150349a,,variant-batch live execution
datm-live-2026-07-13T11-22-25-113Z,B,entity-05-suspicious,suspicious,24,2026-07-13T11:26:17.403Z,2026-07-13T11:26:17.403Z,2026-07-13T11:26:17.403Z,0,2026-07-13T11:26:17.553Z,0x01a86f560c8ac30ed52005308848eb625db29b5dce0e5bbb2625c62eb7eb04f7,2026-07-13T11:26:21.809Z,success,38867,1000,6378587,0x0a3cf8126bf7c1a6c6d57641380c7fd51bdcde32b7bb4cc92a64d0f837c8a2eb,2026-07-13T11:26:21.809Z,4256,4256,4406,61,Suspicious,2026-07-13T11:26:15.250Z,0x4aa374e00122b1127de4be96c1380c23581766cfb1b05de53219ee81f57885ba,,variant-batch live execution
datm-live-2026-07-13T11-22-25-113Z,B,entity-06-suspicious,suspicious,24,2026-07-13T11:26:17.403Z,2026-07-13T11:26:17.403Z,2026-07-13T11:26:17.403Z,0,2026-07-13T11:26:17.553Z,0xa53bb7429aa10e805303ed4ed4e388a069b57f90652c20d436f5abf9b1e4073c,2026-07-13T11:26:21.811Z,success,38867,1000,6378587,0x0a3cf8126bf7c1a6c6d57641380c7fd51bdcde32b7bb4cc92a64d0f837c8a2eb,2026-07-13T11:26:21.811Z,4258,4258,4408,61,Suspicious,2026-07-13T11:26:15.250Z,0x11a63f86e8886b3fcea8d473720bda4ada247fa3bc9dd81495e0f80a38b89312,,variant-batch live execution
datm-live-2026-07-13T11-22-25-113Z,B,entity-01-normal,normal,25,2026-07-13T11:26:26.956Z,2026-07-13T11:26:26.956Z,2026-07-13T11:26:26.956Z,0,2026-07-13T11:26:27.072Z,0x1845f356f075148f61b4da877dac7cf29d16423ad3386121b6c1c61ef082d8b4,2026-07-13T11:26:31.343Z,success,38847,1000,6378589,0x0695d7607a4258377cd425d534f884407391666344121a82ab913aed9d88cbb6,2026-07-13T11:26:31.343Z,4271,4271,4387,92,Trusted,2026-07-13T11:26:25.250Z,0x4d8db7610d483df00d0af650bab393aa26959667dc2889ff98778ee59ed4503c,,variant-batch live execution
datm-live-2026-07-13T11-22-25-113Z,B,entity-02-normal,normal,25,2026-07-13T11:26:26.958Z,2026-07-13T11:26:26.958Z,2026-07-13T11:26:26.958Z,0,2026-07-13T11:26:27.072Z,0x8af5912477aec50c9ae8d88c9f6fa50b05947e981ef369c55ebd1ff1fa5f67ba,2026-07-13T11:26:31.319Z,success,38847,1000,6378589,0x0695d7607a4258377cd425d534f884407391666344121a82ab913aed9d88cbb6,2026-07-13T11:26:31.319Z,4247,4247,4361,92,Trusted,2026-07-13T11:26:25.250Z,0x01e0ffd607e58518582db1bf59b31922a23e776f646d6ea99d1fd09552706e4b,,variant-batch live execution
datm-live-2026-07-13T11-22-25-113Z,B,entity-03-normal,normal,25,2026-07-13T11:26:26.959Z,2026-07-13T11:26:26.959Z,2026-07-13T11:26:26.959Z,0,2026-07-13T11:26:27.102Z,0xeb5114b921317999dc82df82d9ce634c49d1c004e688fd2509025d83762eed6c,2026-07-13T11:26:31.323Z,success,38847,1000,6378589,0x0695d7607a4258377cd425d534f884407391666344121a82ab913aed9d88cbb6,2026-07-13T11:26:31.323Z,4221,4221,4364,93,Trusted,2026-07-13T11:26:25.250Z,0xe3d8de7aa1f1195b7f17178e318b727f47f9eb08563316a99db95f2a12f0344f,,variant-batch live execution
datm-live-2026-07-13T11-22-25-113Z,B,entity-04-normal,normal,25,2026-07-13T11:26:26.959Z,2026-07-13T11:26:26.959Z,2026-07-13T11:26:26.959Z,0,2026-07-13T11:26:27.102Z,0xf977800b706ef90202f4982e1a5ca485eca1e7c57cee27ade824005c4ac39b2e,2026-07-13T11:26:31.323Z,success,38847,1000,6378589,0x0695d7607a4258377cd425d534f884407391666344121a82ab913aed9d88cbb6,2026-07-13T11:26:31.323Z,4221,4221,4364,92,Trusted,2026-07-13T11:26:25.250Z,0x5537ada6b90d02fbc8b6482a4a5fe2c503725e9512266d26b202221c9cb8d1f3,,variant-batch live execution
datm-live-2026-07-13T11-22-25-113Z,B,entity-05-suspicious,suspicious,25,2026-07-13T11:26:26.960Z,2026-07-13T11:26:26.960Z,2026-07-13T11:26:26.960Z,0,2026-07-13T11:26:27.102Z,0x6e763f4b6a4a3abe2cb3f3292df8fa048b297034e72d3060262dbd716854797e,2026-07-13T11:26:31.325Z,success,38855,1000,6378589,0x0695d7607a4258377cd425d534f884407391666344121a82ab913aed9d88cbb6,2026-07-13T11:26:31.325Z,4223,4223,4365,61,Suspicious,2026-07-13T11:26:25.250Z,0x1573dee7c68ab9aeba650069df5e9b37daf898bba3357b0f707eca8305bd15b3,,variant-batch live execution
datm-live-2026-07-13T11-22-25-113Z,B,entity-06-suspicious,suspicious,25,2026-07-13T11:26:26.960Z,2026-07-13T11:26:26.960Z,2026-07-13T11:26:26.960Z,0,2026-07-13T11:26:27.102Z,0x49b76cded2e2f019802b0ba50b46a6e5582890e7024c8a9889b164d144eab857,2026-07-13T11:26:31.315Z,success,38867,1000,6378589,0x0695d7607a4258377cd425d534f884407391666344121a82ab913aed9d88cbb6,2026-07-13T11:26:31.315Z,4213,4213,4355,61,Suspicious,2026-07-13T11:26:25.250Z,0x1ca11bbe6eb3b22456960dca88e421ba4420556754a0133799109b5d5540968b,,variant-batch live execution
datm-live-2026-07-13T11-22-25-113Z,B,entity-01-normal,normal,26,2026-07-13T11:26:36.455Z,2026-07-13T11:26:36.455Z,2026-07-13T11:26:36.455Z,0,2026-07-13T11:26:36.558Z,0x6a2cf2465f19f39930f4f0f4c9f0532390c2bab277b2b5a631686b7896cf3cf1,2026-07-13T11:26:40.834Z,success,38847,1000,6378591,0xb9ba6312501083ce8fd865c389ef0e8355849c720a9fc1d6288cea3e2daa7b5f,2026-07-13T11:26:40.834Z,4276,4276,4379,92,Trusted,2026-07-13T11:26:35.250Z,0x6f2ae0aa4bf92ce78d7dbe67e380e2f95527ea739f7e4083b3b53b0ed7a7725d,,variant-batch live execution
datm-live-2026-07-13T11-22-25-113Z,B,entity-02-normal,normal,26,2026-07-13T11:26:36.456Z,2026-07-13T11:26:36.456Z,2026-07-13T11:26:36.456Z,0,2026-07-13T11:26:36.586Z,0xa10cfe464d1c99a81c6ef0544cc76d7187f3b3505faef53c48d21c3fb00c2766,2026-07-13T11:26:40.812Z,success,38847,1000,6378591,0xb9ba6312501083ce8fd865c389ef0e8355849c720a9fc1d6288cea3e2daa7b5f,2026-07-13T11:26:40.812Z,4226,4226,4356,92,Trusted,2026-07-13T11:26:35.250Z,0x3416e7031014b7493eafb487e0ccdb05b339121fbd32e8874d8d3a600c09d05e,,variant-batch live execution
datm-live-2026-07-13T11-22-25-113Z,B,entity-03-normal,normal,26,2026-07-13T11:26:36.458Z,2026-07-13T11:26:36.458Z,2026-07-13T11:26:36.458Z,0,2026-07-13T11:26:36.587Z,0x066901b1e35b42975ba47420a31772cdd0345c37fb56f81d56da846328648210,2026-07-13T11:26:40.812Z,success,38847,1000,6378591,0xb9ba6312501083ce8fd865c389ef0e8355849c720a9fc1d6288cea3e2daa7b5f,2026-07-13T11:26:40.812Z,4225,4225,4354,91,Trusted,2026-07-13T11:26:35.250Z,0xbfdfe247d6b1688e5f113fb015ca7d9f0556bf0e5ba3bdffb3632d3e27533e0e,,variant-batch live execution
datm-live-2026-07-13T11-22-25-113Z,B,entity-04-normal,normal,26,2026-07-13T11:26:36.458Z,2026-07-13T11:26:36.458Z,2026-07-13T11:26:36.458Z,0,2026-07-13T11:26:36.587Z,0xba27d1058dfd4141fb7786e37e2a95e1aed1bd7261a890c6c57425d9efaff3f4,2026-07-13T11:26:40.812Z,success,38847,1000,6378591,0xb9ba6312501083ce8fd865c389ef0e8355849c720a9fc1d6288cea3e2daa7b5f,2026-07-13T11:26:40.812Z,4225,4225,4354,92,Trusted,2026-07-13T11:26:35.250Z,0x442ae89bc332ace358d70ea35cd3ea1b2614a357672f159edf62d7fecf6e2b80,,variant-batch live execution
datm-live-2026-07-13T11-22-25-113Z,B,entity-05-suspicious,suspicious,26,2026-07-13T11:26:36.459Z,2026-07-13T11:26:36.459Z,2026-07-13T11:26:36.459Z,0,2026-07-13T11:26:36.587Z,0x3c7ee0b91e597ec4451e8c530ca2391faa1088cfbf4c0dfcc759922dbe7f7e61,2026-07-13T11:26:40.814Z,success,38867,1000,6378591,0xb9ba6312501083ce8fd865c389ef0e8355849c720a9fc1d6288cea3e2daa7b5f,2026-07-13T11:26:40.814Z,4227,4227,4355,61,Suspicious,2026-07-13T11:26:35.250Z,0x9b2c6295699901065c6f45b85d61f51e747e6475ecd264b89470d24991c63d2d,,variant-batch live execution
datm-live-2026-07-13T11-22-25-113Z,B,entity-06-suspicious,suspicious,26,2026-07-13T11:26:36.460Z,2026-07-13T11:26:36.460Z,2026-07-13T11:26:36.460Z,0,2026-07-13T11:26:36.587Z,0xc74cac4446335a136b2f5177899579695fdc72716fafccc1dc9648d2602858b0,2026-07-13T11:26:40.804Z,success,38867,1000,6378591,0xb9ba6312501083ce8fd865c389ef0e8355849c720a9fc1d6288cea3e2daa7b5f,2026-07-13T11:26:40.804Z,4217,4217,4344,60,Suspicious,2026-07-13T11:26:35.250Z,0x80378d15383b2f6883889e5281c744fcf6fb47378785a7ecb1cec28407c6c520,,variant-batch live execution
datm-live-2026-07-13T11-22-25-113Z,B,entity-01-normal,normal,27,2026-07-13T11:26:45.952Z,2026-07-13T11:26:45.952Z,2026-07-13T11:26:45.952Z,0,2026-07-13T11:26:46.102Z,0xe9c065696374b468977d753c4ad29670225c896f3dabdd37bf4c042803779012,2026-07-13T11:26:50.362Z,success,38847,1000,6378593,0x1177855d83f3169d4b914bf014c787582726fb8b9c666dfb4fb29421197f0018,2026-07-13T11:26:50.362Z,4260,4260,4410,93,Trusted,2026-07-13T11:26:45.250Z,0x06946abf57854182363f7a21c2719304090decc21354bd362d265057165cccdb,,variant-batch live execution
datm-live-2026-07-13T11-22-25-113Z,B,entity-02-normal,normal,27,2026-07-13T11:26:45.953Z,2026-07-13T11:26:45.953Z,2026-07-13T11:26:45.953Z,0,2026-07-13T11:26:46.072Z,0x93a6d722ae7f9dd1d17a63a1e44054b89f6af9ab4a581068cc794e1d25dd5336,2026-07-13T11:26:50.337Z,success,38835,1000,6378593,0x1177855d83f3169d4b914bf014c787582726fb8b9c666dfb4fb29421197f0018,2026-07-13T11:26:50.337Z,4265,4265,4384,91,Trusted,2026-07-13T11:26:45.250Z,0xdf570fc54eb41900680629163f5c701b83fe86abeb19d2fbe4f31240e60997f3,,variant-batch live execution
datm-live-2026-07-13T11-22-25-113Z,B,entity-03-normal,normal,27,2026-07-13T11:26:45.953Z,2026-07-13T11:26:45.953Z,2026-07-13T11:26:45.953Z,0,2026-07-13T11:26:46.103Z,0xa93158700b67ba1f2139a52f53a9327b75a42a1c737409865cebf6a94a9c651e,2026-07-13T11:26:50.337Z,success,38847,1000,6378593,0x1177855d83f3169d4b914bf014c787582726fb8b9c666dfb4fb29421197f0018,2026-07-13T11:26:50.337Z,4234,4234,4384,93,Trusted,2026-07-13T11:26:45.250Z,0xea91bf43dfde36806cc070afb9b6ad0825c5d8adc3b2e01e37a661ed53fddb72,,variant-batch live execution
datm-live-2026-07-13T11-22-25-113Z,B,entity-04-normal,normal,27,2026-07-13T11:26:45.954Z,2026-07-13T11:26:45.954Z,2026-07-13T11:26:45.954Z,0,2026-07-13T11:26:46.103Z,0xbf045c1473d369ff9fae25e44620f4499c774ca09ca5cf491a5d0766cc903aaa,2026-07-13T11:26:50.331Z,success,38847,1000,6378593,0x1177855d83f3169d4b914bf014c787582726fb8b9c666dfb4fb29421197f0018,2026-07-13T11:26:50.331Z,4228,4228,4377,93,Trusted,2026-07-13T11:26:45.250Z,0xb28ec7b49e9a56af616337ecc3a107153fc1e491fd52aef0f2dc515c035d424e,,variant-batch live execution
datm-live-2026-07-13T11-22-25-113Z,B,entity-05-suspicious,suspicious,27,2026-07-13T11:26:45.954Z,2026-07-13T11:26:45.954Z,2026-07-13T11:26:45.954Z,0,2026-07-13T11:26:46.103Z,0x095b477a2e6e9e4e72e2b26c84d388caa38662976f55c8c3afa2510a4ad78ce1,2026-07-13T11:26:50.339Z,success,38855,1000,6378593,0x1177855d83f3169d4b914bf014c787582726fb8b9c666dfb4fb29421197f0018,2026-07-13T11:26:50.339Z,4236,4236,4385,60,Suspicious,2026-07-13T11:26:45.250Z,0xbffe0316fa8419e87222f6120a9600fbab4ec9cab26b7877c7d0abb71537b470,,variant-batch live execution
datm-live-2026-07-13T11-22-25-113Z,B,entity-06-suspicious,suspicious,27,2026-07-13T11:26:45.954Z,2026-07-13T11:26:45.954Z,2026-07-13T11:26:45.954Z,0,2026-07-13T11:26:46.103Z,0x826a13addc821a470682e4865374bd0737d652b14948f6dab3d99f4ae8afb4a1,2026-07-13T11:26:50.339Z,success,38855,1000,6378593,0x1177855d83f3169d4b914bf014c787582726fb8b9c666dfb4fb29421197f0018,2026-07-13T11:26:50.339Z,4236,4236,4385,63,Suspicious,2026-07-13T11:26:45.250Z,0xd000a284fce40f74d36ec82d461307ee4bbd0f35ec820dced29996cbffe63539,,variant-batch live execution
datm-live-2026-07-13T11-22-25-113Z,B,entity-01-normal,normal,28,2026-07-13T11:26:55.559Z,2026-07-13T11:26:55.559Z,2026-07-13T11:26:55.559Z,0,2026-07-13T11:26:55.686Z,0x425cfc9220cf83d1c413f609a9c82770fa823353bf9515b4e8c721e143b959d9,2026-07-13T11:26:59.948Z,success,38847,1000,6378595,0xfe579c1bfaea25eba345b20735e6e685b0f8826ce9946c5bb3d366223e527938,2026-07-13T11:26:59.948Z,4262,4262,4389,91,Trusted,2026-07-13T11:26:55.250Z,0xfc966108c45a0624bbdc5c327f1215de3476e23773880a3f8ff048efabbeab46,,variant-batch live execution
datm-live-2026-07-13T11-22-25-113Z,B,entity-02-normal,normal,28,2026-07-13T11:26:55.561Z,2026-07-13T11:26:55.561Z,2026-07-13T11:26:55.561Z,0,2026-07-13T11:26:55.686Z,0xae547c36efed0d6ec854928e26b298424d5b69b2b8cf7596bbabb6ba512281d6,2026-07-13T11:26:59.949Z,success,38847,1000,6378595,0xfe579c1bfaea25eba345b20735e6e685b0f8826ce9946c5bb3d366223e527938,2026-07-13T11:26:59.949Z,4263,4263,4388,92,Trusted,2026-07-13T11:26:55.250Z,0xd6c9fedf06ae994c8f0dddc94b9e7b9b9301b60ffb15fd6d7e07c0ccda3411ad,,variant-batch live execution
datm-live-2026-07-13T11-22-25-113Z,B,entity-03-normal,normal,28,2026-07-13T11:26:55.562Z,2026-07-13T11:26:55.562Z,2026-07-13T11:26:55.562Z,0,2026-07-13T11:26:55.714Z,0x5079451f6e767fb19d1e6273c801c6a277b410ced64b93133a6572094a399a9c,2026-07-13T11:26:59.941Z,success,38847,1000,6378595,0xfe579c1bfaea25eba345b20735e6e685b0f8826ce9946c5bb3d366223e527938,2026-07-13T11:26:59.941Z,4227,4227,4379,92,Trusted,2026-07-13T11:26:55.250Z,0xaa133fa1078ed516f2a72da9dd7ba1ef5da4c215a5586a94605aa8586f9d2db3,,variant-batch live execution
datm-live-2026-07-13T11-22-25-113Z,B,entity-04-normal,normal,28,2026-07-13T11:26:55.563Z,2026-07-13T11:26:55.563Z,2026-07-13T11:26:55.563Z,0,2026-07-13T11:26:55.715Z,0x65c115d028482124de295263b1b17609422e5fb36a2b25b1bd23d53bfa0bb8c8,2026-07-13T11:26:59.969Z,success,38847,1000,6378595,0xfe579c1bfaea25eba345b20735e6e685b0f8826ce9946c5bb3d366223e527938,2026-07-13T11:26:59.969Z,4254,4254,4406,91,Trusted,2026-07-13T11:26:55.250Z,0x0ea423ba59dc7c4fc6aeb2cb6642faaae684cede5676ac384f608ac48657a226,,variant-batch live execution
datm-live-2026-07-13T11-22-25-113Z,B,entity-05-suspicious,suspicious,28,2026-07-13T11:26:55.564Z,2026-07-13T11:26:55.564Z,2026-07-13T11:26:55.564Z,0,2026-07-13T11:26:55.715Z,0xc63c1c050578612fb5adcbff1253135233a663df80e3288e9ac6a8c9143dfc7f,2026-07-13T11:26:59.946Z,success,38867,1000,6378595,0xfe579c1bfaea25eba345b20735e6e685b0f8826ce9946c5bb3d366223e527938,2026-07-13T11:26:59.946Z,4231,4231,4382,63,Suspicious,2026-07-13T11:26:55.250Z,0xe62da7cff8a047095937101af95824a2c21df2c48c4bb6e6c5533eb8f418c01d,,variant-batch live execution
datm-live-2026-07-13T11-22-25-113Z,B,entity-06-suspicious,suspicious,28,2026-07-13T11:26:55.565Z,2026-07-13T11:26:55.565Z,2026-07-13T11:26:55.565Z,0,2026-07-13T11:26:55.715Z,0xf7b1d4a051272226cd4fa1d4940890f305372338bb8163f54f273461f32fa442,2026-07-13T11:26:59.947Z,success,38867,1000,6378595,0xfe579c1bfaea25eba345b20735e6e685b0f8826ce9946c5bb3d366223e527938,2026-07-13T11:26:59.947Z,4232,4232,4382,62,Suspicious,2026-07-13T11:26:55.250Z,0x98a0b2f2d381edd09e5c53541796fc350824923e29fc6340dd13b617a393c351,,variant-batch live execution
datm-live-2026-07-13T11-22-25-113Z,B,entity-01-normal,normal,29,2026-07-13T11:27:05.095Z,2026-07-13T11:27:05.095Z,2026-07-13T11:27:05.095Z,0,2026-07-13T11:27:05.211Z,0x6ff00ba4c40a3dc6df755adc4dcf5ce3345aa01366e2174d26a30791610620b5,2026-07-13T11:27:09.469Z,success,38847,1000,6378597,0x482b48ca1c4beda2dc768173b6865dbbc4c503e5fe5dd65f7341d7677b19f80f,2026-07-13T11:27:09.469Z,4258,4258,4374,93,Trusted,2026-07-13T11:27:05.250Z,0xdbf502e65b251a881abb1730066ad01bbd371932f0ae337be561a7424a0e1c4c,,variant-batch live execution
datm-live-2026-07-13T11-22-25-113Z,B,entity-02-normal,normal,29,2026-07-13T11:27:05.097Z,2026-07-13T11:27:05.097Z,2026-07-13T11:27:05.097Z,0,2026-07-13T11:27:05.237Z,0xf278d32d7d9835f1da0437abc52bc4c2286b331bb98effb810addcb6387a9ff1,2026-07-13T11:27:09.470Z,success,38847,1000,6378597,0x482b48ca1c4beda2dc768173b6865dbbc4c503e5fe5dd65f7341d7677b19f80f,2026-07-13T11:27:09.470Z,4233,4233,4373,92,Trusted,2026-07-13T11:27:05.250Z,0xa7aa7414adc037211bdb1b4611ef607f3791622b347240564da5c1832f19b992,,variant-batch live execution
datm-live-2026-07-13T11-22-25-113Z,B,entity-03-normal,normal,29,2026-07-13T11:27:05.097Z,2026-07-13T11:27:05.097Z,2026-07-13T11:27:05.097Z,0,2026-07-13T11:27:05.238Z,0x80a19d45fa71deca5ca2d1b025ab33d93bd3991481cd7f6460571e9c455c1dec,2026-07-13T11:27:09.473Z,success,38847,1000,6378597,0x482b48ca1c4beda2dc768173b6865dbbc4c503e5fe5dd65f7341d7677b19f80f,2026-07-13T11:27:09.473Z,4235,4235,4376,92,Trusted,2026-07-13T11:27:05.250Z,0x0f9125cc3434bdb85219e3e8897b972146c25d1a5812500c2543791a520e3e2d,,variant-batch live execution
datm-live-2026-07-13T11-22-25-113Z,B,entity-04-normal,normal,29,2026-07-13T11:27:05.098Z,2026-07-13T11:27:05.098Z,2026-07-13T11:27:05.098Z,0,2026-07-13T11:27:05.238Z,0x6b848d07020dd833f0b02ed51f8da2ebbc7d21fc79f7e40ef959b6225206ea44,2026-07-13T11:27:09.474Z,success,38847,1000,6378597,0x482b48ca1c4beda2dc768173b6865dbbc4c503e5fe5dd65f7341d7677b19f80f,2026-07-13T11:27:09.474Z,4236,4236,4376,93,Trusted,2026-07-13T11:27:05.250Z,0xb67377a8a86cb414898024f78711940aceb7575bd1e6c04230815ee1327aa9c1,,variant-batch live execution
datm-live-2026-07-13T11-22-25-113Z,B,entity-05-suspicious,suspicious,29,2026-07-13T11:27:05.099Z,2026-07-13T11:27:05.099Z,2026-07-13T11:27:05.099Z,0,2026-07-13T11:27:05.239Z,0x2dc8b178f2ce9498189a643f9211eba06b15249e7dfadc208d3bf3b229fbe474,2026-07-13T11:27:09.474Z,success,38867,1000,6378597,0x482b48ca1c4beda2dc768173b6865dbbc4c503e5fe5dd65f7341d7677b19f80f,2026-07-13T11:27:09.474Z,4235,4235,4375,62,Suspicious,2026-07-13T11:27:05.250Z,0x89bb531ac081a28e3fa3cec3785a45c3c03d8cd47cb78a41bbdfac9a9f055201,,variant-batch live execution
datm-live-2026-07-13T11-22-25-113Z,B,entity-06-suspicious,suspicious,29,2026-07-13T11:27:05.100Z,2026-07-13T11:27:05.100Z,2026-07-13T11:27:05.100Z,0,2026-07-13T11:27:05.239Z,0xf708914c4e504d10f855400eee872d75457e606147e42802538c1192f02f432a,2026-07-13T11:27:09.497Z,success,38855,1000,6378597,0x482b48ca1c4beda2dc768173b6865dbbc4c503e5fe5dd65f7341d7677b19f80f,2026-07-13T11:27:09.497Z,4258,4258,4397,58,Suspicious,2026-07-13T11:27:05.250Z,0x690adb07f4c4fffa74007b58e4b7204b2369685cecccdbf696cd38edbec85dd8,,variant-batch live execution
datm-live-2026-07-13T11-22-25-113Z,B,entity-01-normal,normal,30,2026-07-13T11:27:14.617Z,2026-07-13T11:27:14.617Z,2026-07-13T11:27:14.617Z,0,2026-07-13T11:27:14.737Z,0xb8643f2da198c2eeeb381a505ab305d854c3da4607d711223aadfdab4abac2bd,2026-07-13T11:27:23.029Z,success,38847,1000,6378599,0x0ba24b576ff5c2f29dbde85ed5235587ae9e8fa564b1e725d7bee913d925bd91,2026-07-13T11:27:23.029Z,8292,8292,8412,92,Trusted,2026-07-13T11:27:15.250Z,0x2331bf4d8f7ed35c6be5ef8c716e4106f1a7588f12c5f0f2a6f8d1c45a785294,,variant-batch live execution
datm-live-2026-07-13T11-22-25-113Z,B,entity-02-normal,normal,30,2026-07-13T11:27:14.619Z,2026-07-13T11:27:14.619Z,2026-07-13T11:27:14.619Z,0,2026-07-13T11:27:14.737Z,0xe6697e6ba4cd844086d4719bd14d29262b9497f8bb61ecf7f233676ad40d65c5,2026-07-13T11:27:23.059Z,success,38847,1000,6378599,0x0ba24b576ff5c2f29dbde85ed5235587ae9e8fa564b1e725d7bee913d925bd91,2026-07-13T11:27:23.059Z,8322,8322,8440,91,Trusted,2026-07-13T11:27:15.250Z,0xeed55865a8775a9025907c7e5455f113c1fe3a49ef71362cf7cbb790afb38d15,,variant-batch live execution
datm-live-2026-07-13T11-22-25-113Z,B,entity-03-normal,normal,30,2026-07-13T11:27:14.619Z,2026-07-13T11:27:14.619Z,2026-07-13T11:27:14.619Z,0,2026-07-13T11:27:14.764Z,0xe514100b58337481d95365cfc7367081ecc4c25d5dfce1ccafb404dae6cead91,2026-07-13T11:27:23.040Z,success,38835,1000,6378599,0x0ba24b576ff5c2f29dbde85ed5235587ae9e8fa564b1e725d7bee913d925bd91,2026-07-13T11:27:23.040Z,8276,8276,8421,92,Trusted,2026-07-13T11:27:15.250Z,0x27a36bc7b2a5b0a4d139056ad7bf483c5e7664e664f400f644e4025f4b1e6002,,variant-batch live execution
datm-live-2026-07-13T11-22-25-113Z,B,entity-04-normal,normal,30,2026-07-13T11:27:14.619Z,2026-07-13T11:27:14.619Z,2026-07-13T11:27:14.619Z,0,2026-07-13T11:27:14.764Z,0x93056c4de06ebf99c350fa2ddc2436c39f4e9da8c71c417796c039343f74c4ed,2026-07-13T11:27:23.040Z,success,38847,1000,6378599,0x0ba24b576ff5c2f29dbde85ed5235587ae9e8fa564b1e725d7bee913d925bd91,2026-07-13T11:27:23.040Z,8276,8276,8421,92,Trusted,2026-07-13T11:27:15.250Z,0xd7de401d10a9ba194b7ef52d17aa39d00a5ba34b57c7caaa0b8045f09ca9f837,,variant-batch live execution
datm-live-2026-07-13T11-22-25-113Z,B,entity-05-suspicious,suspicious,30,2026-07-13T11:27:14.620Z,2026-07-13T11:27:14.620Z,2026-07-13T11:27:14.620Z,0,2026-07-13T11:27:14.764Z,0xca53000d178fbe40b6ab256d141502c73ef876fc0624c2b2b7d6ce33faf6a5c5,2026-07-13T11:27:23.037Z,success,38867,1000,6378599,0x0ba24b576ff5c2f29dbde85ed5235587ae9e8fa564b1e725d7bee913d925bd91,2026-07-13T11:27:23.037Z,8273,8273,8417,58,Suspicious,2026-07-13T11:27:15.250Z,0x1d2238f767c4a8fd727dae4bca050940aeb725c3f8b61d662093d853d6651754,,variant-batch live execution
datm-live-2026-07-13T11-22-25-113Z,B,entity-06-suspicious,suspicious,30,2026-07-13T11:27:14.620Z,2026-07-13T11:27:14.620Z,2026-07-13T11:27:14.620Z,0,2026-07-13T11:27:14.764Z,0xc8cde6d56e02eae1a60f27c9e6ba4211c87326c0e65b1fe0ff8ac84e2f274737,2026-07-13T11:27:22.996Z,success,38867,1000,6378599,0x0ba24b576ff5c2f29dbde85ed5235587ae9e8fa564b1e725d7bee913d925bd91,2026-07-13T11:27:22.996Z,8232,8232,8376,60,Suspicious,2026-07-13T11:27:15.250Z,0xbd4f74b03a63c84c0c9497d9e5fbbafe81e7f0f2473fb5dc337bee89192e05c7,,variant-batch live execution
